date,price,dix,gex
2011-05-02,1361.219971,37.88420991568634,1897312571.486
2011-05-03,1356.619995,38.34110799414632,1859730656.13
2011-05-04,1347.319946,39.21217997918537,1717763844.535
2011-05-05,1335.099976,40.54570196735625,1361864280.275
2011-05-06,1340.199951,41.86486654525637,1490328625.98
2011-05-09,1346.290039,41.03205027781488,1677058729.04
2011-05-10,1357.160034,39.28514271714904,2034952130.69
2011-05-11,1342.079956,40.08140977249443,1536770884.92
2011-05-12,1348.650024,38.75339951676699,1674923266.095
2011-05-13,1337.77002,40.55951917654673,1218149461.54
2011-05-16,1329.469971,38.970274362576305,779596412.269
2011-05-17,1328.97998,39.474683225647276,841850592.0
2011-05-18,1340.680054,40.23302249231638,1366160182.325
2011-05-19,1343.599976,39.463420303194866,1543685364.78
2011-05-20,1333.27002,41.32016164569771,1288076423.565
2011-05-23,1317.369995,40.584655653352755,539696742.805
2011-05-24,1316.280029,38.93803484962401,510244377.512
2011-05-25,1320.469971,39.7290689726496,740695062.903
2011-05-26,1325.689941,39.765597633794734,794680724.93
2011-05-27,1331.099976,40.093530991591294,918664965.16
2011-05-31,1345.199951,40.24774071359699,1501018826.775
2011-06-01,1314.550049,44.15818154795479,765472910.6735
2011-06-02,1312.939941,41.306995440742625,737054457.098
2011-06-03,1300.160034,43.61097185889154,405956517.902
2011-06-06,1286.170044,40.01471281500261,24119666.104
2011-06-07,1284.939941,40.677392616272826,-172403089.14
2011-06-08,1279.560059,40.458124010439015,-285916518.02
2011-06-09,1289.0,41.445069470291465,-110999211.335
2011-06-10,1270.97998,43.61255265327686,-459227978.2
2011-06-13,1271.829956,40.88508603468689,-449818392.34
2011-06-14,1287.869995,42.6970319314135,97844618.176
2011-06-15,1265.420044,43.02597484995706,-618829105.244
2011-06-16,1267.640015,38.79749628199702,-643026779.91
2011-06-17,1271.5,40.89676915491283,-444255510.62
2011-06-20,1278.359985,37.1377592250574,130641736.1
2011-06-21,1295.52002,42.34861745377597,594237200.535
2011-06-22,1287.140015,44.72098927635801,421966023.175
2011-06-23,1283.5,44.61674181899256,673524372.871
2011-06-24,1268.449951,44.747756756043664,197912878.19
2011-06-27,1280.099976,42.29687257351265,533994908.78
2011-06-28,1296.670044,43.46091542572899,1000303669.785
2011-06-29,1307.410034,41.91406401143612,1263240916.7
2011-06-30,1320.640015,41.19331097271801,1731119949.93
2011-07-01,1339.670044,41.44370719455071,2019895206.727
2011-07-05,1337.880005,41.82974912164665,2204693723.48
2011-07-06,1339.219971,42.95129816588348,2236776776.815
2011-07-07,1353.219971,41.61983588738248,2729301387.395
2011-07-08,1343.800049,43.96265002513235,2490173790.3
2011-07-11,1319.48999,42.76814368390468,1737340522.96
2011-07-12,1313.640015,42.838819815278576,1533836324.39
2011-07-13,1317.719971,42.80203404464783,1957650368.7
2011-07-14,1308.869995,43.38029213495883,1650214262.91
2011-07-15,1316.140015,42.63783522656185,4176336442.145
2011-07-18,1305.439941,41.62475470547778,887183380.03
2011-07-19,1326.72998,41.03451726889039,1304589932.604
2011-07-20,1325.839966,43.96847355716439,1549113896.345
2011-07-21,1343.800049,42.23263700386265,1763114024.43
2011-07-22,1345.02002,44.51733236502198,1635847483.62
2011-07-25,1337.430054,44.44887261593293,1594831932.2
2011-07-26,1331.939941,42.15299335028764,1541061094.85
2011-07-27,1304.890015,41.801219849447705,839162001.791
2011-07-28,1300.670044,40.85200010115528,727984032.625
2011-07-29,1292.280029,40.360836981724404,634859900.982
2011-08-01,1286.939941,44.03099342693885,645133919.365
2011-08-02,1254.050049,44.13161626327892,54369376.39
2011-08-03,1260.339966,43.116896070692604,224930307.485
2011-08-04,1200.069946,42.97023145255602,-660360325.525
2011-08-05,1199.380005,42.13187218867013,-463212353.06
2011-08-08,1119.459961,42.27911030136967,-802754541.06
2011-08-09,1172.530029,41.958708367252825,-374593397.965
2011-08-10,1120.76001,46.48570493031836,-759558784.65
2011-08-11,1172.640015,42.78540963917878,-264886917.49
2011-08-12,1178.810059,45.69903812569918,-309018593.5
2011-08-15,1204.48999,46.46363795903064,-23047118.8
2011-08-16,1192.76001,46.907932801358335,-225224022.635
2011-08-17,1193.890015,48.22541510185895,-251705740.24
2011-08-18,1140.650024,46.2807641684515,-836496736.477
2011-08-19,1123.530029,45.85928280566094,-1187036923.04
2011-08-22,1123.819946,44.856722838758515,-361898319.395
2011-08-23,1162.349976,46.15590841391805,54580971.029
2011-08-24,1177.599976,47.96984021591272,205415735.89
2011-08-25,1159.27002,48.87690641852494,2799983.66
2011-08-26,1176.800049,47.96990078342175,137694130.06
2011-08-29,1210.079956,48.10642202035492,561222253.075
2011-08-30,1212.920044,47.834292712730246,635378251.37
2011-08-31,1218.890015,46.057092131614205,605715448.21
2011-09-01,1204.420044,48.754066881222656,320553022.015
2011-09-02,1173.969971,49.40899341374506,-15399260.06
2011-09-06,1165.23999,50.3255068793401,-974825.71
2011-09-07,1198.619995,46.36180617110916,424298106.06
2011-09-08,1185.900024,47.36423917073302,294110267.97
2011-09-09,1154.22998,50.04884273045952,-164918292.18
2011-09-12,1162.27002,46.90950921167392,-55401539.495
2011-09-13,1172.869995,48.355434641944036,180810962.235
2011-09-14,1188.680054,46.70586988449383,516499239.945
2011-09-15,1209.109985,44.50660861919482,924224780.45
2011-09-16,1216.01001,47.48035990564252,1627867629.87
2011-09-19,1204.089966,47.15324942955152,819791724.4
2011-09-20,1202.089966,46.05879968765873,864559001.335
2011-09-21,1166.76001,44.87001740450145,480322758.3475
2011-09-22,1129.560059,48.14290377773537,42688858.26
2011-09-23,1136.430054,45.70914774261408,246153269.08
2011-09-26,1162.949951,45.6608486157575,415707524.78
2011-09-27,1175.380005,44.91521989715028,506709646.22
2011-09-28,1151.060059,48.38489862903535,303390928.735
2011-09-29,1160.400024,45.1186940925542,253516385.72
2011-09-30,1131.420044,47.55066632010339,11640191.37
2011-10-03,1099.22998,48.029801386701486,-220425308.05
2011-10-04,1123.949951,46.260222610924664,-85366095.48
2011-10-05,1144.030029,48.463006388328,168193569.305
2011-10-06,1164.969971,48.11916628986171,401723210.3
2011-10-07,1155.459961,47.711105599050576,219498636.09
2011-10-10,1194.890015,44.74779477369577,931951102.5
2011-10-11,1195.540039,47.56506113803395,1128800514.22
2011-10-12,1207.25,47.18129960380196,1326485541.79
2011-10-13,1203.660034,49.6293143220935,1378016375.56
2011-10-14,1224.579956,45.69425227193434,1783365970.815
2011-10-17,1200.859985,49.15248075684542,1329837843.145
2011-10-18,1225.380005,46.05491483513751,1784730871.87
2011-10-19,1209.880005,47.10405349021522,1070550490.37
2011-10-20,1215.390015,48.02431548866873,1012832467.62
2011-10-21,1238.25,44.886205407662175,2347473742.665
2011-10-24,1254.189941,42.84100509649748,1158879374.01
2011-10-25,1229.050049,44.63826800486467,799720648.24
2011-10-26,1242.0,42.391453974749,1009327344.9
2011-10-27,1284.589966,39.70642677453483,1688101729.155
2011-10-28,1285.089966,43.2942020004301,1581690425.99
2011-10-31,1253.300049,44.50370154945903,1171656476.7225
2011-11-01,1218.280029,45.48479820864088,562856339.765
2011-11-02,1237.900024,45.05344269443735,851141787.75
2011-11-03,1261.150024,44.365224990021304,1438676101.57
2011-11-04,1253.22998,46.84667393391662,1145431786.04
2011-11-07,1261.119995,44.53318929175193,1329564467.925
2011-11-08,1275.920044,42.642666641087516,1807110771.76
2011-11-09,1229.099976,48.29964082744825,615504956.04
2011-11-10,1239.699951,42.23535402454281,665815678.86
2011-11-11,1263.849976,42.307762365790055,1253845090.32
2011-11-14,1251.780029,45.32772413795639,1051690215.8
2011-11-15,1257.810059,43.62277329979838,1337630467.61
2011-11-16,1236.910034,46.16079807469957,745624770.7
2011-11-17,1216.130005,46.9086863125468,164520103.46
2011-11-18,1215.650024,45.57490123180878,-948429186.88
2011-11-21,1192.97998,45.012902645908795,70720556.43
2011-11-22,1188.040039,46.76194838743497,156201703.19
2011-11-23,1161.790039,46.527888789178704,-252170842.505
2011-11-25,1158.670044,47.08702686635397,-206203569.726
2011-11-28,1192.550049,46.06120396248956,250687378.93
2011-11-29,1195.189941,44.96025433600593,260318977.45
2011-11-30,1246.959961,40.28927702467024,1219948969.56
2011-12-01,1244.579956,43.88495794585308,1310091659.13
2011-12-02,1244.280029,42.74543645878086,1122010987.83
2011-12-05,1257.079956,43.415457358446794,1407537501.28
2011-12-06,1258.469971,43.5047155428675,1385127223.45
2011-12-07,1261.01001,44.19740998696529,1400280640.44
2011-12-08,1234.349976,47.557764392434656,927913416.175
2011-12-09,1255.189941,44.03055413405559,1452367339.46
2011-12-12,1236.469971,49.51289534125777,1022002330.37
2011-12-13,1225.72998,45.81713417598897,707628338.14
2011-12-14,1211.819946,43.928772146278725,182965155.94
2011-12-15,1215.75,42.744287241893396,181227650.24
2011-12-16,1219.660034,45.5177072552627,809948927.71
2011-12-19,1205.349976,44.92367842629168,547980483.46
2011-12-20,1241.300049,40.5726452132608,1244950458.98
2011-12-21,1243.719971,42.86363885578594,1417896318.435
2011-12-22,1254.0,43.16861995056892,1681798897.91
2011-12-23,1265.329956,42.90208772130218,1667860364.81
2011-12-27,1265.430054,43.53752147931103,1823359677.951
2011-12-28,1249.640015,45.474836062890425,1420172303.82
2011-12-29,1263.02002,44.07805294908645,1770650321.16
2011-12-30,1257.599976,42.91713287073431,1555835281.4
2012-01-03,1277.060059,41.18534550604377,2013937733.195
2012-01-04,1277.300049,45.62862531537575,2149477635.055
2012-01-05,1281.060059,45.95383237417821,2291122803.43
2012-01-06,1277.810059,45.57215885204245,2050336451.665
2012-01-09,1280.699951,44.31404485331804,2099565269.94
2012-01-10,1292.079956,42.05408292739913,2365634573.45
2012-01-11,1292.47998,44.47681199712242,2328042129.925
2012-01-12,1295.5,45.30797344740092,2400086674.76
2012-01-13,1289.089966,45.71412175776446,2244354574.715
2012-01-17,1293.670044,42.281749308956165,2487898291.555
2012-01-18,1308.040039,43.76606034721231,2789240578.535
2012-01-19,1314.5,44.11432005044726,3020604554.37
2012-01-20,1315.380005,43.84702293412949,5358379989.88
2012-01-23,1316.0,42.44061317348002,1360477009.765
2012-01-24,1314.650024,42.78086340977891,1326643587.175
2012-01-25,1326.060059,41.69940225078223,2073559881.87
2012-01-26,1318.430054,42.23940724700076,1847055849.704
2012-01-27,1316.329956,43.13158528412019,1579086753.47
2012-01-30,1313.01001,46.54701772363391,1685941157.15
2012-01-31,1312.410034,45.18472589361928,1788588311.115
2012-02-01,1324.089966,41.97207189639238,1942692934.85
2012-02-02,1325.540039,43.21548389124044,1988290985.915
2012-02-03,1344.900024,41.57643135333503,2256784983.965
2012-02-06,1344.329956,43.64273344027006,2380094744.83
2012-02-07,1347.050049,44.3991818394363,2555741484.73
2012-02-08,1349.959961,43.97621686006879,2676630480.725
2012-02-09,1351.949951,43.35448484617141,2606671502.18
2012-02-10,1342.640015,45.44880351075714,2166027616.655
2012-02-13,1351.77002,43.56524825904831,2383096276.235
2012-02-14,1350.5,43.687050968453065,2375689235.795
2012-02-15,1343.22998,42.2881389631131,1946328756.07
2012-02-16,1358.040039,40.33609784517567,2403205900.545
2012-02-17,1361.22998,41.35843611767947,3963263035.535
2012-02-21,1362.209961,42.24783817398107,1836440939.76
2012-02-22,1357.660034,42.09928104786104,1847991718.36
2012-02-23,1363.459961,41.32129644376081,2178450927.96
2012-02-24,1365.73999,43.11614652796412,2048066403.52
2012-02-27,1367.589966,43.885703153998,2143096788.985
2012-02-28,1372.180054,42.03272996668678,2489017760.76
2012-02-29,1365.680054,45.64808247855212,2279679893.755
2012-03-01,1374.089966,46.07341418461302,2532165991.006
2012-03-02,1369.630005,45.17296757463369,2193723806.99
2012-03-05,1364.329956,43.89123542637917,1968104281.68
2012-03-06,1343.359985,43.27093918637822,1367268859.29
2012-03-07,1352.630005,46.48627725338741,1663036074.54
2012-03-08,1365.910034,44.1270376482514,2461000862.105
2012-03-09,1370.869995,45.758384567322466,2422366519.13
2012-03-12,1371.089966,46.20777420689085,2739084139.735
2012-03-13,1395.949951,44.205799557431554,3390409713.37
2012-03-14,1394.280029,45.18657999836702,3256845974.575
2012-03-15,1402.599976,45.95510899509145,3404727488.605
2012-03-16,1404.170044,45.74699203802662,4959128416.75
2012-03-19,1409.75,41.99833630867732,2249543026.64
2012-03-20,1405.52002,41.80076174763188,2383750779.645
2012-03-21,1402.890015,43.54220649174814,2385713488.325
2012-03-22,1392.780029,43.33437508680939,2059240156.475
2012-03-23,1397.109985,43.29435281192009,1992954217.995
2012-03-26,1416.51001,42.2077751548386,2620114918.87
2012-03-27,1412.52002,42.57872922055538,2803205760.135
2012-03-28,1405.540039,44.65107536435394,2649575364.665
2012-03-29,1403.280029,45.75850477324313,2332339630.455
2012-03-30,1408.469971,42.36342876711985,2282703675.57
2012-04-02,1419.040039,41.93694000704521,2916921422.275
2012-04-03,1413.380005,44.64049211126605,3033797132.77
2012-04-04,1398.959961,44.61284207494868,2606570751.961
2012-04-05,1398.079956,44.01834417544052,2336089426.405
2012-04-09,1382.199951,44.21408516704194,2115169226.59
2012-04-10,1358.589966,44.85630537188739,1368222030.0366
2012-04-11,1368.709961,46.4257558679182,1462342360.705
2012-04-12,1387.569946,44.33391790014504,1958043308.605
2012-04-13,1370.26001,44.52177613146962,1337731244.64
2012-04-16,1369.569946,40.29199081691264,1028359493.695
2012-04-17,1390.780029,42.86234963769464,2233741866.255
2012-04-18,1385.140015,43.71224999938761,2120779337.025
2012-04-19,1376.920044,43.63549028916489,1245238435.31
2012-04-20,1378.530029,39.72715111182101,1706147508.0
2012-04-23,1366.939941,42.5107542990351,888535953.586
2012-04-24,1371.969971,39.62453206946996,913083815.47
2012-04-25,1390.689941,43.12990415457012,2110801540.895
2012-04-26,1399.97998,44.05320154478966,2269777815.02
2012-04-27,1403.359985,43.02711561833857,1934055831.605
2012-04-30,1397.910034,42.65739339139666,1624605078.63
2012-05-01,1405.819946,42.66571660674276,1751590437.53
2012-05-02,1402.310059,44.94077605337642,1795486806.025
2012-05-03,1391.569946,44.06565519186965,1326585749.03
2012-05-04,1369.099976,43.76880936996301,850668974.658
2012-05-07,1369.579956,42.34496673260137,902222296.434
2012-05-08,1363.719971,45.61158837234983,710820417.25
2012-05-09,1354.579956,45.23758841246451,568596382.95
2012-05-10,1357.98999,43.9342351743865,631565006.1
2012-05-11,1353.390015,43.21418006601012,555886856.24
2012-05-14,1338.349976,42.1752483016899,89135534.315
2012-05-15,1330.660034,45.914005468789135,-125631970.04
2012-05-16,1324.800049,43.65291268790947,-417011821.931
2012-05-17,1304.859985,41.57992411217933,-846538042.94
2012-05-18,1295.219971,44.07215344262485,-672969511.129
2012-05-21,1315.98999,44.59453623140608,499777733.47
2012-05-22,1316.630005,45.741162894834744,552166197.174
2012-05-23,1318.859985,46.3389226990784,786423702.09
2012-05-24,1320.680054,46.233707577921166,756275096.21
2012-05-25,1317.819946,44.5284396013301,522648606.24
2012-05-29,1332.420044,43.98266225361517,893471034.94
2012-05-30,1313.319946,46.85964913025959,739225067.865
2012-05-31,1310.329956,46.8427965473514,705360324.21
2012-06-01,1278.040039,46.88155908456279,3285451.832
2012-06-04,1278.180054,43.2496988774027,112625048.24
2012-06-05,1285.5,45.93612363126493,227443359.23
2012-06-06,1315.130005,43.86606752651671,917404043.83
2012-06-07,1314.98999,43.64676872750689,911195352.79
2012-06-08,1325.660034,45.59170165040154,1092349771.59
2012-06-11,1308.930054,48.10447042989775,600860582.815
2012-06-12,1324.180054,46.84504479977998,1002291726.758
2012-06-13,1314.880005,49.36587763459381,621053228.695
2012-06-14,1329.099976,45.71179610516421,853414513.46
2012-06-15,1342.839966,42.70431672421789,1585847554.79
2012-06-18,1344.780029,43.65628905416119,1378484206.48
2012-06-19,1357.97998,43.6885852466874,1699864260.63
2012-06-20,1355.689941,42.38849391543809,1642282374.015
2012-06-21,1325.51001,45.23011172825313,815506214.8
2012-06-22,1335.02002,45.07567029814448,1173714562.315
2012-06-25,1313.719971,44.18233681309941,733649453.56
2012-06-26,1319.98999,44.87564548565207,909516188.36
2012-06-27,1331.849976,42.664900318240875,1115174392.0
2012-06-28,1329.040039,44.078395380012495,812546271.47
2012-06-29,1362.160034,41.32379769098442,1807855816.16
2012-07-02,1365.51001,41.26061298312623,2077705971.875
2012-07-03,1374.02002,39.09834255419669,2456658030.524
2012-07-05,1367.579956,42.64813750070665,2473469808.34
2012-07-06,1354.680054,43.60771092224924,1796281206.73
2012-07-09,1352.459961,42.02808833734238,1985662005.34
2012-07-10,1341.469971,44.2497694214183,1586232703.46
2012-07-11,1341.449951,42.07226842924572,1449572893.14
2012-07-12,1334.76001,43.242149023063696,1098347662.44
2012-07-13,1356.780029,44.0963265851972,2028145542.891
2012-07-16,1353.640015,43.62744867130521,2062023143.83
2012-07-17,1363.670044,45.14300938132228,2418730699.45
2012-07-18,1372.780029,43.6626683114619,2553132550.353
2012-07-19,1376.51001,44.18724172816347,3097865785.235
2012-07-20,1362.660034,46.4460911630396,1379986328.23
2012-07-23,1350.52002,44.3219105766454,0.0
2012-07-24,1338.310059,43.107230699043306,983971321.815
2012-07-25,1337.890015,43.07029349303145,553912048.545
2012-07-26,1360.02002,42.172438212198585,1114339575.945
2012-07-27,1385.969971,42.47141825402547,1817831830.045
2012-07-30,1385.300049,42.84374298720676,2068297482.82
2012-07-31,1379.319946,42.85344962172956,2210392334.245
2012-08-01,1375.319946,45.785883856634,1938954422.884
2012-08-02,1365.0,46.433380922731374,1726903124.535
2012-08-03,1390.98999,39.01051198298667,2366858965.65
2012-08-06,1394.22998,42.38032547203532,2600155257.21
2012-08-07,1401.349976,41.16758163394652,2868172571.576
2012-08-08,1402.219971,42.688844399776535,2724860533.47
2012-08-09,1402.800049,43.93949577589309,2589509365.99
2012-08-10,1405.869995,42.878306814553156,2574028859.179
2012-08-13,1404.109985,44.64914020851697,2715897940.4
2012-08-14,1403.930054,42.91948926937818,2876834423.665
2012-08-15,1405.530029,43.218321665687945,2773023612.038
2012-08-16,1415.51001,42.62021420123736,3426865148.357
2012-08-17,1418.160034,39.8142173416646,4028299817.1
2012-08-20,1418.130005,41.335516841240114,2348409048.235
2012-08-21,1413.170044,41.88163982728524,2116768542.724
2012-08-22,1413.48999,40.82719228562597,2470160727.875
2012-08-23,1402.079956,43.34677653374112,2093397740.358
2012-08-24,1411.130005,41.26096687441338,2162075949.422
2012-08-27,1410.439941,43.851338872912834,2402914523.68
2012-08-28,1409.300049,44.72683998727492,2444897531.4
2012-08-29,1410.48999,44.8131541027101,2450773598.506
2012-08-30,1399.47998,45.10287539991461,1713438838.959
2012-08-31,1406.579956,44.62604597660075,2159856180.695
2012-09-04,1404.939941,44.58283007803509,2366329794.745
2012-09-05,1403.439941,45.09467865169308,2184889898.11
2012-09-06,1432.119995,42.19095177053579,3383251558.3345
2012-09-07,1437.920044,42.03611616513964,3213127405.495
2012-09-10,1429.079956,39.8504679815942,2688557354.315
2012-09-11,1433.560059,38.337484687938925,2751129283.757
2012-09-12,1436.560059,40.07050965524016,3143426308.94
2012-09-13,1459.98999,39.14696528141741,4501792814.7428
2012-09-14,1465.77002,39.68475538595366,4079191869.175
2012-09-17,1461.189941,36.5391473839573,4194673586.877
2012-09-18,1459.319946,39.14244713506247,4348508721.73
2012-09-19,1461.050049,41.800580618351354,4606321234.697
2012-09-20,1460.26001,39.90774054019476,4242811907.3808
2012-09-21,1460.150024,39.72167623963348,8992652051.085
2012-09-24,1456.890015,39.38836906834058,2637542456.414
2012-09-25,1441.589966,38.3623413924571,1826144997.7504
2012-09-26,1433.319946,36.31401637823874,1336101729.165
2012-09-27,1447.150024,37.93717293143601,2572778273.565
2012-09-28,1440.670044,41.680607627973046,2174491589.2378
2012-10-01,1444.48999,34.43283634949822,2058078578.339
2012-10-02,1445.75,35.03501765319627,2019845362.51
2012-10-03,1450.98999,38.00160481521807,2751403325.215
2012-10-04,1461.400024,37.83891355824441,2875956470.0798
2012-10-05,1460.930054,34.27001412174594,2276244806.57
2012-10-08,1455.880005,33.70642987741484,1914155683.126
2012-10-09,1441.47998,33.72864221558455,1529584844.7579
2012-10-10,1432.560059,38.16494940688498,1585118597.933
2012-10-11,1432.839966,36.52287251497246,1166712068.71
2012-10-12,1428.589966,36.66318720808839,1366428443.0543
2012-10-15,1440.130005,41.118097622919706,1799022345.4874
2012-10-16,1454.920044,41.68794359704911,2792940189.3425
2012-10-17,1460.910034,41.78185030051281,2882740927.8922
2012-10-18,1457.339966,39.96415322309585,2166631598.3594
2012-10-19,1433.189941,40.3053872476053,-1220488012.9584
2012-10-22,1433.819946,39.57406122008183,1365092476.62
2012-10-23,1413.109985,40.41099690377925,856531693.2434
2012-10-24,1408.75,39.26156665950129,827957147.2866
2012-10-25,1412.969971,39.07220665787037,887952897.582
2012-10-26,1411.939941,39.73190705002103,869165396.35
2012-10-31,1412.160034,40.00172209503589,787647145.9496
2012-11-01,1427.589966,38.098579200209194,1278333550.7926
2012-11-02,1414.199951,38.83791879273012,745669691.5821
2012-11-05,1417.26001,39.28690337243451,937015288.1214
2012-11-06,1428.390015,38.98924728646431,1282215427.8178
2012-11-07,1394.530029,39.199517276420984,-61573416.8004
2012-11-08,1377.51001,35.61329578341054,-640365600.9792
2012-11-09,1379.849976,38.24978137240453,-183459819.09
2012-11-12,1380.030029,41.49138351261552,-161566654.388
2012-11-13,1374.530029,38.96354519844041,-326649444.64
2012-11-14,1355.48999,39.54282635665974,-896279282.6408
2012-11-15,1353.329956,36.63053336335665,-1064663260.4975
2012-11-16,1359.880005,37.78382161997027,-902628346.3255
2012-11-19,1386.890015,44.302948834281956,833108848.463
2012-11-20,1387.810059,43.152473437966485,936082158.6651
2012-11-21,1391.030029,39.95497627161835,1074233864.96
2012-11-23,1409.150024,40.92769225868888,1285954948.762
2012-11-26,1406.290039,42.564986442496675,1489869808.622
2012-11-27,1398.939941,41.5660896247559,1195461959.2076
2012-11-28,1409.930054,39.91012618648916,1458462713.58
2012-11-29,1415.949951,41.92584832200906,1966128578.08
2012-11-30,1416.180054,40.51140813943067,1462041482.835
2012-12-03,1409.459961,42.29034650249005,1319254401.0254
2012-12-04,1407.050049,38.161643646786416,987939253.4356
2012-12-05,1409.280029,36.57337174751012,619549268.3389
2012-12-06,1413.939941,39.07344699934792,863020317.6577
2012-12-07,1418.069946,40.1575057994228,999761409.5661
2012-12-10,1418.550049,38.28505040898707,962073907.995
2012-12-11,1427.839966,39.75933285077456,1410736639.0444
2012-12-12,1428.47998,39.84006042479062,1379685819.5098
2012-12-13,1419.449951,38.77794992855783,898420939.0524
2012-12-14,1413.579956,36.67965517410235,757602274.7429
2012-12-17,1430.359985,36.50823829499739,1349747636.855
2012-12-18,1446.790039,39.95998332180936,2143409967.5644
2012-12-19,1435.810059,39.809104898632455,1711681838.0661
2012-12-20,1443.689941,38.98091766469682,1798995792.8876
2012-12-21,1430.150024,39.95905415610021,867379053.04
2012-12-24,1426.660034,37.5662080660895,874452741.698
2012-12-26,1419.829956,36.61321488025353,589989445.0121
2012-12-27,1418.099976,38.29206211364086,648806625.42
2012-12-28,1402.430054,37.31800335725784,313374576.3739
2012-12-31,1426.189941,36.761270227457736,1037372986.3011
2013-01-02,1462.420044,40.8387181334665,2271946220.0525
2013-01-03,1459.369995,41.10842074068103,2115151899.1087
2013-01-04,1466.469971,40.085828957152906,1927021353.7524
2013-01-07,1461.890015,42.10204552277279,1824539134.8105
2013-01-08,1457.150024,42.64078219973581,1687059848.4134
2013-01-09,1461.02002,40.12991737914089,1692440459.245
2013-01-10,1472.119995,40.652189339999126,2165222550.12
2013-01-11,1472.050049,40.69550067425699,2151586354.54
2013-01-14,1470.680054,39.64071866400664,1948029763.487
2013-01-15,1472.339966,37.74535601508126,1915405614.555
2013-01-16,1472.630005,40.04688155767959,2252665998.85
2013-01-17,1480.939941,40.545610250589895,2797809460.215
2013-01-18,1485.97998,42.01863915667124,6626065505.444
2013-01-22,1492.560059,40.48378283907731,1401035800.382
2013-01-23,1494.810059,39.96546110459621,1660669630.66
2013-01-24,1494.819946,37.045800568782,1217452162.2
2013-01-25,1502.959961,38.711512387570004,1416846844.961
2013-01-28,1500.180054,38.40030174708665,1414172220.54
2013-01-29,1507.839966,42.094138854525006,1650243398.925
2013-01-30,1501.959961,41.647571600389824,1556969383.32
2013-01-31,1498.109985,40.59919650971729,1367683606.355
2013-02-01,1513.170044,40.274996772600204,1695589832.7
2013-02-04,1495.709961,40.74716451985316,1254710705.61
2013-02-05,1511.290039,40.699734479960185,1926419295.0078
2013-02-06,1512.119995,42.91587915138309,1949501493.48
2013-02-07,1509.390015,42.384010419666815,1949395995.317
2013-02-08,1517.930054,42.39943818899402,2096700652.29
2013-02-11,1517.01001,41.44648520589344,2184319610.1
2013-02-12,1519.430054,40.51883210132436,2128303102.5
2013-02-13,1520.329956,38.99547652080907,2012236679.064
2013-02-14,1521.380005,39.96213576564699,2161505360.04
2013-02-15,1519.790039,41.050404557206974,3158968729.161
2013-02-19,1530.939941,37.9329583347502,1430542181.768
2013-02-20,1511.949951,39.51980815347408,901839165.419
2013-02-21,1502.420044,40.51780556292102,636557388.32
2013-02-22,1515.599976,40.65106133332768,1110694538.905
2013-02-25,1487.849976,41.58336812381282,497996620.92
2013-02-26,1496.939941,41.566136597809525,703611705.514
2013-02-27,1515.98999,39.2456961900443,1152475463.518
2013-02-28,1514.680054,40.31559865168579,1011455333.821
2013-03-01,1518.199951,40.82349461389631,1083855994.82
2013-03-04,1525.199951,39.25984896685647,1277802650.22
2013-03-05,1539.790039,38.3489399306301,1813447358.369
2013-03-06,1541.459961,38.56039957414413,1775448594.535
2013-03-07,1544.26001,38.90676168943166,1938120444.051
2013-03-08,1551.180054,39.739291260428026,2029533964.005
2013-03-11,1556.219971,38.76885847273079,2215985843.985
2013-03-12,1552.47998,40.29015026943521,2029782454.855
2013-03-13,1554.52002,39.43232004928593,2035305643.17
2013-03-14,1563.22998,38.62274886465145,2384814338.735
2013-03-15,1560.699951,41.03861405020301,2732773145.816
2013-03-18,1552.099976,43.68420355502753,1528451776.72
2013-03-19,1548.339966,41.78502722449548,1409105595.38
2013-03-20,1558.709961,38.85876927244067,1629524132.239
2013-03-21,1545.800049,42.37697025641114,1325773175.274
2013-03-22,1556.890015,40.4141075145377,1582114581.302
2013-03-25,1551.689941,41.46683124339045,1550581124.115
2013-03-26,1563.77002,41.008584850040506,1809272038.357
2013-03-27,1562.849976,41.610531792845876,1578964435.16
2013-03-28,1569.189941,39.463659478630206,1650093771.988
2013-04-01,1562.170044,39.98814796986299,1365443736.11
2013-04-02,1570.25,37.74840827935012,1550558952.379
2013-04-03,1553.689941,40.99437158002066,1119758894.411
2013-04-04,1559.97998,41.21789417295975,1155685835.1
2013-04-05,1553.280029,43.01489590891146,1141106496.21
2013-04-08,1563.069946,40.39793605939522,1399732048.955
2013-04-09,1568.609985,41.05132991768548,1604924733.79
2013-04-10,1587.72998,40.22807459237571,2294226793.103
2013-04-11,1593.369995,39.08549951479771,2329480017.922
2013-04-12,1588.849976,40.63319727296475,1925042270.055
2013-04-15,1552.359985,40.67492187692259,902992199.61
2013-04-16,1574.569946,41.159127257122506,1566200613.757
2013-04-17,1552.01001,40.7342837110128,777019262.519
2013-04-18,1541.609985,41.56065746105672,503583947.93
2013-04-19,1555.25,40.88354661864961,750723711.038
2013-04-22,1562.5,39.6855827227118,947228816.464
2013-04-23,1578.780029,40.03871531263089,1386724473.775
2013-04-24,1578.790039,38.27581858517634,1466741214.24
2013-04-25,1585.160034,38.60767152635739,1681493449.084
2013-04-26,1582.23999,37.33284293565864,1502013028.439
2013-04-29,1593.609985,38.0110961815059,1856562178.082
2013-04-30,1597.569946,38.46295352499573,2135090389.135
2013-05-01,1582.699951,38.045932920613055,1687783145.9
2013-05-02,1597.589966,39.96613967162405,2289253436.235
2013-05-03,1614.420044,38.253076275845274,2453689952.7365
2013-05-06,1617.5,40.281168759073985,2756639152.35
2013-05-07,1625.959961,39.81318577898807,2910772777.027
2013-05-08,1632.689941,39.5805549225066,3211023040.938
2013-05-09,1626.670044,40.8071214803438,2563892776.779
2013-05-10,1633.699951,40.645139549455926,2620733448.771
2013-05-13,1633.77002,40.6053616181541,2748305811.292
2013-05-14,1650.339966,38.35862263549488,2879428729.608
2013-05-15,1658.780029,36.861740488858416,2736143054.217
2013-05-16,1650.469971,39.77632583337868,2746670894.131
2013-05-17,1667.469971,39.527572852649065,3970036803.73
2013-05-20,1666.290039,39.39088700224236,2137041042.875
2013-05-21,1669.160034,38.842433132321055,2116746522.07
2013-05-22,1655.349976,40.88758333301535,1806341652.952
2013-05-23,1650.51001,41.11554562268476,1666748852.99
2013-05-24,1649.599976,41.817031685436454,1749411797.167
2013-05-28,1660.060059,40.56603550171824,1954441082.986
2013-05-29,1648.359985,42.04516912932658,1736273531.5
2013-05-30,1654.410034,42.69072944036224,2045155898.855
2013-05-31,1630.73999,42.2519146688263,1419013389.484
2013-06-03,1640.420044,41.26571395603218,1647953790.578
2013-06-04,1631.380005,43.90632132971613,1487625373.44
2013-06-05,1608.900024,43.3239312757552,893997562.98
2013-06-06,1622.560059,42.861058031559764,1055721641.38
2013-06-07,1643.380005,41.71914934527476,1726009306.41
2013-06-10,1642.810059,41.700567696523635,1692453822.53
2013-06-11,1626.130005,42.29383070904587,1203284653.56
2013-06-12,1612.52002,42.95778885244817,707890185.36
2013-06-13,1636.359985,42.316032029422416,1477448651.42
2013-06-14,1626.72998,43.11835122908704,1155781374.375
2013-06-17,1639.040039,39.596152557709004,1574185595.35
2013-06-18,1651.810059,42.22411556728666,1947783870.332
2013-06-19,1628.930054,45.48813045728084,1138762909.08
2013-06-20,1588.189941,46.81620290471935,-279175959.976
2013-06-21,1592.430054,44.09142316433684,-54882471.224
2013-06-24,1573.089966,38.99486268679526,76233882.1
2013-06-25,1588.030029,40.43268076023344,389026318.471
2013-06-26,1603.26001,41.748937024346326,687597620.715
2013-06-27,1613.199951,42.2762284340493,899620819.015
2013-06-28,1606.280029,39.83701061658648,811382195.027
2013-07-01,1614.959961,39.80387194572837,1155132966.022
2013-07-02,1614.079956,42.62642023439036,1284225673.46
2013-07-03,1615.410034,38.83936210738239,1354734716.175
2013-07-05,1631.890015,42.26573685078119,1485672074.19
2013-07-08,1640.459961,41.13775030730971,1653232958.529
2013-07-09,1652.319946,39.92874861754835,2140508422.86
2013-07-10,1652.619995,42.2498516655246,2121698644.62
2013-07-11,1675.02002,40.03447078816489,2988606968.646
2013-07-12,1680.189941,40.67246653333793,2598071654.603
2013-07-15,1682.5,38.910049816037116,2713007549.13
2013-07-16,1676.26001,39.29565968873166,2634835610.79
2013-07-17,1680.910034,40.59433912077274,2787976285.18
2013-07-18,1689.369995,39.53813239211829,3046790411.517
2013-07-19,1692.089966,40.81259957426161,2857092845.056
2013-07-22,1695.530029,40.22700725983436,1920383728.09
2013-07-23,1692.390015,38.34483871620509,1832454312.425
2013-07-24,1685.939941,40.53348018942064,2046120905.94
2013-07-25,1690.25,38.93386749500697,2170527190.91
2013-07-26,1691.650024,40.8254243673067,2149890288.368
2013-07-29,1685.329956,41.43344124035808,2130309224.929
2013-07-30,1685.959961,40.084746152949606,2240419714.97
2013-07-31,1685.72998,40.10666970461585,2152088714.237
2013-08-01,1706.869995,39.64814337361664,2960832855.971
2013-08-02,1709.670044,40.6785315381147,2776034067.764
2013-08-05,1707.140015,42.15479221137219,2846494849.242
2013-08-06,1697.369995,42.14235459336515,2631509965.644
2013-08-07,1690.910034,41.76916685539829,2346350689.883
2013-08-08,1697.47998,40.56434630337945,2245622631.332
2013-08-09,1691.420044,41.23467185759771,2136793037.875
2013-08-12,1689.469971,41.30416993383952,2401742438.02
2013-08-13,1694.160034,43.63971663501311,2711543896.127
2013-08-14,1685.390015,44.62529992744004,2445016035.801
2013-08-15,1661.319946,44.49003093115118,1669476019.658
2013-08-16,1655.829956,44.34684925824917,2338838186.312
2013-08-19,1646.060059,43.16928556394013,1379648544.155
2013-08-20,1652.349976,42.055003480050814,1345939715.919
2013-08-21,1642.800049,45.25750248576833,1174798614.305
2013-08-22,1656.959961,40.37927052039322,1662727396.2
2013-08-23,1663.5,44.04620799125807,1709225804.21
2013-08-26,1656.780029,41.17632398314528,1605595524.174
2013-08-27,1630.47998,43.41310287321944,791502274.301
2013-08-28,1634.959961,40.90527982642707,951027892.161
2013-08-29,1638.170044,45.44369072342384,971156153.46
2013-08-30,1632.969971,47.23302380576714,1001314528.756
2013-09-03,1639.77002,44.70168367842426,1183103985.299
2013-09-04,1653.079956,41.762374915384385,1776313535.158
2013-09-05,1655.079956,42.45495011506078,1782870862.411
2013-09-06,1655.170044,42.16211334372018,1653462872.258
2013-09-09,1671.709961,39.155695032900326,2274653492.951
2013-09-10,1683.98999,39.833364256715356,2576588963.333
2013-09-11,1689.130005,39.94071172614664,2346433142.205
2013-09-12,1683.420044,41.01446657699721,2181373338.935
2013-09-13,1687.98999,40.82496040190466,2205509098.729
2013-09-16,1697.599976,38.39371055934947,2386111654.48
2013-09-17,1704.76001,40.631261442831004,2684242848.579
2013-09-18,1725.52002,41.09923852577004,3627666468.931
2013-09-19,1722.339966,40.62207420895737,3805889547.912
2013-09-20,1709.910034,43.27731938654796,2536299852.9
2013-09-23,1701.839966,41.15617186045112,2114650916.341
2013-09-24,1697.420044,42.49467876138146,2038456669.36
2013-09-25,1692.77002,40.89262965440199,1684992316.024
2013-09-26,1698.670044,40.125350829328795,2101622948.9
2013-09-27,1691.75,42.395836317135135,1766952528.79
2013-09-30,1681.550049,44.33708391557777,1460209187.513
2013-10-01,1695.0,43.0851553846643,2035874511.626
2013-10-02,1693.869995,43.0642635614742,2193522496.585
2013-10-03,1678.660034,44.804537047192824,1515364603.793
2013-10-04,1690.5,40.95111283259887,1839688208.57
2013-10-07,1676.119995,42.53281249090903,1576608397.538
2013-10-08,1655.449951,42.596544022833086,762661447.348
2013-10-09,1656.400024,42.32136221021825,834789865.348
2013-10-10,1692.560059,42.11833476601867,2230495944.459
2013-10-11,1703.199951,42.666486548884244,2456435617.384
2013-10-14,1710.140015,41.8106982881934,2783516305.223
2013-10-15,1698.060059,43.07541036263936,2519133438.825
2013-10-16,1721.540039,39.60518972251771,3558499758.823
2013-10-17,1733.150024,42.003851760671154,4029832847.188
2013-10-18,1744.5,42.405740816264945,4287596555.347
2013-10-21,1744.660034,41.20079727830999,2808464285.176
2013-10-22,1754.670044,39.24919462838658,2982924995.0115
2013-10-23,1746.380005,42.0586285354183,2786054898.187
2013-10-24,1752.069946,38.53716189666821,3255629464.404
2013-10-25,1759.77002,39.97451662408178,2869357925.282
2013-10-28,1762.109985,40.19258180733771,3059092043.077
2013-10-29,1771.949951,40.63603437199321,3285994990.068
2013-10-30,1763.310059,41.55241295459184,3256834201.654
2013-10-31,1756.540039,42.98964327531361,2951160386.538
2013-11-01,1761.640015,43.05897727027316,2906370321.662
2013-11-04,1767.930054,41.123322402550464,3293255723.791
2013-11-05,1762.969971,44.606171513934164,3265316468.159
2013-11-06,1770.48999,42.46339847429831,3080946452.365
2013-11-07,1747.150024,43.45197094556604,1903308226.954
2013-11-08,1770.609985,43.15949754811046,3111511631.714
2013-11-11,1771.890015,43.89495068397494,3364552921.398
2013-11-12,1767.689941,43.60249326836951,3368004995.08
2013-11-13,1782.0,41.9536660984191,4067621766.489
2013-11-14,1790.619995,40.77545502594379,4794814779.635
2013-11-15,1798.180054,42.24095099392175,8992653341.94
2013-11-18,1791.530029,40.86285789339419,2835570681.66
2013-11-19,1787.869995,41.99454153624714,2767207106.91
2013-11-20,1781.369995,42.10917676766675,2486394788.905
2013-11-21,1795.849976,40.01474644937328,3356118592.977
2013-11-22,1804.76001,40.76089617231824,3145394124.14
2013-11-25,1802.47998,40.87423909502987,3292174085.435
2013-11-26,1802.75,41.50592773430131,3617975324.94
2013-11-27,1807.22998,41.90962162473279,3987753579.68
2013-11-29,1805.810059,42.68857634455017,3444613412.64
2013-12-02,1800.900024,42.837445234039365,3278404003.01
2013-12-03,1795.150024,42.09885825945891,3286298541.633
2013-12-04,1792.810059,41.882193611806514,3193857130.047
2013-12-05,1785.030029,44.13064766892625,3073566262.854
2013-12-06,1805.089966,41.709554664033845,3297554975.598
2013-12-09,1808.369995,38.884822561899455,3572390276.815
2013-12-10,1802.619995,39.87165826955586,3421665867.895
2013-12-11,1782.219971,40.80327420965633,2536896423.505
2013-12-12,1775.5,41.06040376924474,2134729062.5
2013-12-13,1775.319946,39.42815212761197,2364107653.16
2013-12-16,1786.540039,38.78773568929924,2874626086.3525
2013-12-17,1781.0,40.1373564874383,2634988473.55
2013-12-18,1810.650024,40.16401421504166,3687882174.645
2013-12-19,1809.599976,40.84572889402674,3724679476.705
2013-12-20,1818.319946,41.54564204482335,3811039241.165
2013-12-23,1827.98999,39.56860525538468,3704257573.17
2013-12-24,1833.319946,39.63785968199171,3799201087.565
2013-12-26,1842.02002,39.799815983118556,4196222304.87
2013-12-27,1841.400024,41.62542595802766,3545838526.92
2013-12-30,1841.069946,40.669700224119346,3456429700.18
2013-12-31,1848.359985,40.62971861622687,3979567665.428
2014-01-02,1831.97998,41.16256480579083,3233602611.26
2014-01-03,1831.369995,41.14622717267884,3156026148.209
2014-01-06,1826.77002,39.92172296538538,3073982747.12
2014-01-07,1837.880005,39.05297191742308,3558199211.6875
2014-01-08,1837.48999,38.607994706076035,3495712892.079
2014-01-09,1838.130005,40.474504205023734,3197764687.525
2014-01-10,1842.369995,39.72664558199312,3349076787.965
2014-01-13,1819.199951,41.21520838288944,2571161519.908
2014-01-14,1838.880005,39.3536878850955,3680276302.34
2014-01-15,1848.380005,38.60709712089037,4670518809.61
2014-01-16,1845.890015,40.72580094392334,4455651523.48
2014-01-17,1838.699951,42.67882652021173,6659403315.255
2014-01-21,1843.800049,36.925482198549616,1862992117.01
2014-01-22,1844.859985,40.051487328966715,2022280825.1
2014-01-23,1828.459961,40.09683226356136,1948769890.43
2014-01-24,1790.290039,41.0183419205003,848504907.4
2014-01-27,1781.560059,37.77887431350206,723387099.52
2014-01-28,1792.5,39.06958226937667,566026371.9
2014-01-29,1774.199951,41.77540376770778,51709785.92
2014-01-30,1794.189941,37.66200322397708,748438976.044
2014-01-31,1782.589966,40.71781323045731,652137832.878
2014-02-03,1741.890015,43.00965549988952,52837557.11
2014-02-04,1755.199951,40.27928372661375,594399936.947
2014-02-05,1751.640015,39.69923047948092,643492161.945
2014-02-06,1773.430054,39.14523241005145,1025194523.92
2014-02-07,1797.02002,40.80453037046823,1539174332.145
2014-02-10,1799.839966,40.55569568171172,1873837556.92
2014-02-11,1819.75,38.92269899445306,2608222600.394
2014-02-12,1819.26001,41.89069870994409,2512528018.549
2014-02-13,1829.829956,39.344164299676684,3280151418.0
2014-02-14,1838.630005,39.67134258245079,2897209183.88
2014-02-18,1840.76001,40.90990667640952,3050590370.09
2014-02-19,1828.75,42.13312728216144,2272262445.22
2014-02-20,1839.780029,39.3769509799811,2566340508.1
2014-02-21,1836.25,41.56730618264669,4893273029.552
2014-02-24,1847.609985,38.80941408966563,2002411288.675
2014-02-25,1845.119995,40.28009781942591,1916112478.14
2014-02-26,1845.160034,40.76127288523532,1836029612.9
2014-02-27,1854.290039,39.870110229179836,2712761017.07
2014-02-28,1859.449951,41.15585872595099,2323670119.125
2014-03-03,1845.72998,43.2350679839454,2003281571.97
2014-03-04,1873.910034,39.917030649220294,3173693596.4935
2014-03-05,1873.810059,41.07467220863415,3271993871.2
2014-03-06,1877.030029,41.070760165248835,3274715011.7202
2014-03-07,1878.040039,41.64431132258707,2850310922.4677
2014-03-10,1877.170044,41.99357939596294,2874824761.82
2014-03-11,1867.630005,41.829442813045716,2736183549.64
2014-03-12,1868.199951,40.185001895711906,2787095407.3762
2014-03-13,1846.339966,42.24588394014198,1336951308.95
2014-03-14,1841.130005,39.40809078117883,1391763130.8459
2014-03-17,1858.829956,40.09362566007559,2116702884.6151
2014-03-18,1872.25,39.72015367062176,2955825733.7359
2014-03-19,1860.77002,44.34695747502278,2415947755.885
2014-03-20,1872.01001,42.05619049408867,2907602190.52
2014-03-21,1866.52002,42.08823588834299,3500669615.665
2014-03-24,1857.439941,40.50046307110536,1986958875.79
2014-03-25,1865.619995,40.102091928776915,2407590954.448
2014-03-26,1852.560059,38.86214499808676,1754256006.6518
2014-03-27,1849.040039,38.65468511708135,1526244129.1824
2014-03-28,1857.619995,39.91397117826326,1962187746.33
2014-03-31,1872.339966,40.33323311048329,2328624776.46
2014-04-01,1885.52002,37.75607430552516,3081006169.425
2014-04-02,1890.900024,39.37007034276818,3401790300.74
2014-04-03,1888.77002,39.82678336713774,2940714471.83
2014-04-04,1865.089966,39.31440989170227,2013603939.5171
2014-04-07,1845.040039,37.71369257279012,1358003837.8919
2014-04-08,1851.959961,36.89407720857319,1661234774.6616
2014-04-09,1872.180054,37.82472642020679,2738803475.204
2014-04-10,1833.079956,41.77886097399088,966310075.66
2014-04-11,1815.689941,39.305459374415705,738014044.5961
2014-04-14,1830.609985,40.343750832144806,1404560180.965
2014-04-15,1842.97998,40.88544580370299,1783456308.4704
2014-04-16,1862.310059,40.63959354737288,2885115088.2
2014-04-17,1864.849976,43.16514049507264,2718418736.76
2014-04-21,1871.890015,40.39857745003379,2134024744.9
2014-04-22,1879.550049,40.0955709480897,2434899809.4693
2014-04-23,1875.390015,40.31793078688325,2167335121.73
2014-04-24,1878.609985,37.1125052913942,2970942878.291
2014-04-25,1863.400024,40.56022224095449,2206306342.305
2014-04-28,1869.430054,38.10538455570765,2436056150.41
2014-04-29,1878.329956,37.29786439583967,2989975293.325
2014-04-30,1883.949951,40.32515725817523,3144184951.195
2014-05-01,1883.680054,41.529165558517676,3088152773.473
2014-05-02,1881.140015,42.66348588365453,2847159601.93
2014-05-05,1884.660034,39.67839021066516,3072580209.815
2014-05-06,1867.719971,41.04732138293248,2521106237.865
2014-05-07,1878.209961,40.43800296509505,2673682623.415
2014-05-08,1875.630005,41.25644074157465,2120705835.645
2014-05-09,1878.47998,39.24976125518525,2356036961.1025
2014-05-12,1896.650024,38.84276914518361,3355844368.71
2014-05-13,1897.449951,38.49584123245037,3519069239.65
2014-05-14,1888.530029,40.98278151695822,3058536324.7012
2014-05-15,1870.849976,42.32503830182887,1779766612.441
2014-05-16,1877.859985,40.05662470262716,4126954414.2249
2014-05-19,1885.079956,39.85864984853317,2509029956.3369
2014-05-20,1872.829956,43.3377272149618,2214227300.4375
2014-05-21,1888.030029,40.20557293693428,3085200322.87
2014-05-22,1892.48999,40.26731661825198,3401683874.394
2014-05-23,1900.530029,40.452839530958244,3038194133.38
2014-05-27,1911.910034,38.0749799315467,3596693816.2
2014-05-28,1909.780029,38.70016851021255,3590867016.915
2014-05-29,1920.030029,38.920122482208455,4307144099.715
2014-05-30,1923.569946,40.58811464244907,3519139554.01
2014-06-02,1924.969971,40.36479981203398,3562538753.14
2014-06-03,1924.23999,40.95817998538594,3882468328.26
2014-06-04,1927.880005,39.34597482060382,4135815008.8
2014-06-05,1940.459961,38.39831930445775,4783512496.881
2014-06-06,1949.439941,39.20227090917464,4145896016.32
2014-06-09,1951.27002,39.82943657755097,3217646460.665
2014-06-10,1950.790039,38.625541130239334,4447691188.175
2014-06-11,1943.890015,41.16423365586811,4165400666.272
2014-06-12,1930.109985,39.98920655268941,3188676525.4008
2014-06-13,1936.160034,39.99094204918282,3378408132.03
2014-06-16,1937.780029,40.46463119769432,3583834369.79
2014-06-17,1941.98999,40.07728701312401,3760613244.83
2014-06-18,1956.97998,38.94904626225223,4739382562.03
2014-06-19,1959.47998,40.51976587045479,4767112307.6145
2014-06-20,1962.869995,39.39010624114465,5533296861.18
2014-06-23,1962.609985,39.29193767816583,3223648288.54
2014-06-24,1949.97998,38.48782696275351,2829883828.25
2014-06-25,1959.530029,37.45412483938269,3319053377.865
2014-06-26,1957.219971,39.49928566512241,3282324698.465
2014-06-27,1960.959961,39.39353904888282,3171554110.436
2014-06-30,1960.22998,38.939116127384885,3221027742.38
2014-07-01,1973.319946,38.26985076312286,4120990241.9522
2014-07-02,1974.619995,37.20631686058891,4126088536.2825
2014-07-03,1985.439941,36.41434204708079,4012944457.025
2014-07-07,1977.650024,38.79488771896588,3989788224.851
2014-07-08,1963.709961,37.452965598877,3143932635.419
2014-07-09,1972.829956,37.71063972580676,3744053861.195
2014-07-10,1964.680054,37.98314798123016,3101645010.41
2014-07-11,1967.569946,39.26095465197016,3425979403.69
2014-07-14,1977.099976,37.88220471298669,4098124772.0734
2014-07-15,1973.280029,38.96641842193324,3902459928.38
2014-07-16,1981.569946,38.498253188774164,4148235184.66
2014-07-17,1958.119995,40.17981254557755,2670179546.4943
2014-07-18,1978.219971,40.89565155681023,5251430846.1767
2014-07-21,1973.630005,39.52952377385223,2606010804.6425
2014-07-22,1983.530029,37.54037932233298,3105643754.2229
2014-07-23,1987.01001,36.38700191626691,3629836833.305
2014-07-24,1987.97998,37.01104847943453,3698904674.737
2014-07-25,1978.339966,38.412621746319495,2814918711.925
2014-07-28,1978.910034,36.70508837825316,3052423508.25
2014-07-29,1969.949951,39.15680911938289,2828670056.21
2014-07-30,1970.069946,37.41817765484155,3084118199.822
2014-07-31,1930.670044,38.95360786328083,1287492124.6371
2014-08-01,1925.150024,37.79844191104137,1460931260.867
2014-08-04,1938.98999,38.88270206863563,1926756189.17
2014-08-05,1920.209961,42.0461849539396,1324114521.74
2014-08-06,1920.23999,39.71295726141455,1432870393.477
2014-08-07,1909.569946,41.69412137878672,1036756007.105
2014-08-08,1931.589966,38.94547464168023,1795655354.03
2014-08-11,1936.920044,43.405295430677135,2205005857.06
2014-08-12,1933.75,41.96735026777695,1985433895.98
2014-08-13,1946.719971,39.7595580217673,2869218347.8418
2014-08-14,1955.180054,39.12603886034003,3221811087.95
2014-08-15,1955.060059,43.33090346743702,3387723209.05
2014-08-18,1971.73999,37.41251768790609,2890126431.155
2014-08-19,1981.599976,36.77133240669164,3364523180.485
2014-08-20,1986.51001,38.69489855714362,3582391012.938
2014-08-21,1992.369995,39.19124193903368,3800806026.0
2014-08-22,1988.400024,40.25600926412689,3274601002.355
2014-08-25,1997.920044,37.80638295782676,3686238657.65
2014-08-26,2000.02002,36.227985172016645,3794250967.6826
2014-08-27,2000.119995,38.28645910847429,3691243014.178
2014-08-28,1996.73999,36.96781702601934,3287387735.025
2014-08-29,2003.369995,38.30828118204303,3569236748.83
2014-09-02,2002.280029,39.48919895108029,3642237656.585
2014-09-03,2000.719971,37.40522435355965,3149865491.925
2014-09-04,1997.650024,40.35401335926376,2940758523.29
2014-09-05,2007.709961,37.78573894749565,3433546164.495
2014-09-08,2001.540039,40.796991016680536,3213963363.84
2014-09-09,1988.439941,39.059743593237286,2457727705.165
2014-09-10,1995.689941,37.60006036236961,3169051486.265
2014-09-11,1997.449951,39.80718087317773,3292732696.68
2014-09-12,1985.540039,41.77052277406638,2626978851.34
2014-09-15,1984.130005,38.98244740456025,2452802609.57
2014-09-16,1998.97998,37.4041516869653,3233415804.025
2014-09-17,2001.569946,41.640567754303795,3581607331.725
2014-09-18,2011.359985,41.09963736261442,4360835084.72
2014-09-19,2010.400024,40.41610541903992,2897473748.31
2014-09-22,1994.290039,37.16389365218622,2447234600.8
2014-09-23,1982.77002,38.157912781119194,2240403437.585
2014-09-24,1998.300049,38.53987329594214,2883115197.15
2014-09-25,1965.98999,40.9672014068235,1037470765.415
2014-09-26,1982.849976,37.78088328846686,2353323446.96
2014-09-29,1977.800049,40.35179892266285,2177290316.925
2014-09-30,1972.290039,40.16885794866386,2171786418.615
2014-10-01,1946.160034,41.298296495247,935643414.965
2014-10-02,1946.170044,38.57850487163156,1247707553.285
2014-10-03,1967.900024,39.76583489652193,2147173744.79
2014-10-06,1964.819946,40.74059652289589,2112066893.69
2014-10-07,1935.099976,42.513542255769885,895363280.235
2014-10-08,1968.890015,39.47820200638656,2511736121.93
2014-10-09,1928.209961,41.07981020637967,953074338.05
2014-10-10,1906.130005,38.186807828973514,620254341.68
2014-10-13,1874.73999,40.17377439715182,-54273750.21
2014-10-14,1877.699951,39.68977644132058,-37270045.81
2014-10-15,1862.48999,36.49208978857221,-354603773.79
2014-10-16,1862.76001,39.71240482332948,-486465586.515
2014-10-17,1886.76001,39.92037079749041,-80633520.035
2014-10-20,1904.01001,40.79318291482628,1023404620.275
2014-10-21,1941.280029,38.53464040875045,2103526247.525
2014-10-22,1927.109985,40.89545578710978,1787900919.68
2014-10-23,1950.819946,40.84361321542421,2594442772.79
2014-10-24,1964.579956,40.15235059873955,2327989816.22
2014-10-27,1961.630005,40.58963007155398,2385726728.73
2014-10-28,1985.050049,39.29427361773067,3179195992.0
2014-10-29,1982.300049,38.36341469641981,3074663576.685
2014-10-30,1994.650024,38.71464328713416,3376682924.14
2014-10-31,2018.050049,36.380820682333706,3577160779.219
2014-11-03,2017.810059,38.96037327550575,3630139426.64
2014-11-04,2012.099976,37.90082061334517,3270944515.67
2014-11-05,2023.569946,39.47247027435763,3469322234.425
2014-11-06,2031.209961,37.850283646924495,3632879929.8
2014-11-07,2031.920044,38.452883858786244,3537819511.47
2014-11-10,2038.26001,38.26576985898824,3861660865.385
2014-11-11,2039.680054,37.7887542421554,4081977022.745
2014-11-12,2038.25,39.14690759063123,4305512921.06
2014-11-13,2039.329956,40.19963665002147,4445050753.515
2014-11-14,2039.819946,39.25036896935471,4173138281.605
2014-11-17,2041.319946,38.45947448587439,4234074307.475
2014-11-18,2051.800049,38.890642655650694,4431298840.585
2014-11-19,2048.719971,40.82567923035105,4418990249.625
2014-11-20,2052.75,39.41003597314577,4805242276.64
2014-11-21,2063.5,39.791120944462335,5900554345.135
2014-11-24,2069.409912,36.81716448001108,3604797467.875
2014-11-25,2067.030029,38.85188559700048,3617751181.535
2014-11-26,2072.830078,40.37098150595118,3868883158.115
2014-11-28,2067.560059,36.82550780463892,3355572301.99
2014-12-01,2053.439941,37.53799960022387,2757277218.4
2014-12-02,2066.550049,39.28039737045792,3159351785.625
2014-12-03,2074.330078,40.52341800796075,3319901056.665
2014-12-04,2071.919922,39.339185274246304,3476194762.76
2014-12-05,2075.370117,37.666267284474166,3376386657.625
2014-12-08,2060.310059,38.92483235785531,2828689149.22
2014-12-09,2059.820068,37.6547082368565,2945130437.765
2014-12-10,2026.140015,41.41843276780092,1721424125.89
2014-12-11,2035.329956,37.09834919948387,1973090996.935
2014-12-12,2002.329956,41.20414725609165,1283490315.53
2014-12-15,1989.630005,37.13110672499746,941478891.72
2014-12-16,1972.73999,36.91415647651931,309244442.325
2014-12-17,2012.890015,39.38552039114122,1672429973.235
2014-12-18,2061.22998,35.62623892775612,3712017423.96
2014-12-19,2070.649902,36.25926496834416,3945503609.73
2014-12-22,2078.540039,35.34978420163268,3231917836.16
2014-12-23,2082.169922,34.61225300114908,3385274201.685
2014-12-24,2081.879883,36.72995669049341,3273156972.45
2014-12-26,2088.77002,38.52232768819477,3242962064.015
2014-12-29,2090.570068,37.79126893512104,3379718368.845
2014-12-30,2080.350098,39.34443687120737,3006182550.555
2014-12-31,2058.899902,42.23165672221753,2250907928.215
2015-01-02,2058.199951,39.63443142161238,2392799190.8
2015-01-05,2020.579956,43.95794279529395,1322638287.7695
2015-01-06,2002.609985,42.756430350064676,854915033.915
2015-01-07,2025.900024,40.88697459296259,1638301268.76
2015-01-08,2062.139893,38.25495668782606,3003367718.7
2015-01-09,2044.810059,42.792616339740356,2196266563.3
2015-01-12,2028.26001,42.10508358031931,1714465581.925
2015-01-13,2023.030029,40.3434514689394,1755547815.25
2015-01-14,2011.27002,42.86289522132945,1298712113.195
2015-01-15,1992.670044,43.83547649085605,435398119.28
2015-01-16,2019.420044,41.31917387188716,2342499305.725
2015-01-20,2022.550049,40.613282824004585,1000167524.395
2015-01-21,2032.119995,41.73589553410755,1358011057.845
2015-01-22,2063.149902,39.315105917122374,2315044769.13
2015-01-23,2051.820068,39.84798597747868,1546202421.835
2015-01-26,2057.090088,39.44778695342,1724235571.65
2015-01-27,2029.550049,41.55470034086194,945326209.22
2015-01-28,2002.160034,39.94325422202359,627881136.837
2015-01-29,2021.25,38.95690115572683,1317105063.17
2015-01-30,1994.98999,42.52528150685474,751991676.975
2015-02-02,2020.849976,43.10740079200653,1322390851.755
2015-02-03,2050.030029,40.15428572187683,2201656511.6
2015-02-04,2041.51001,41.89503594846498,1986466632.945
2015-02-05,2062.52002,40.16842702739365,2651176778.0
2015-02-06,2055.469971,41.79151299431195,1963229571.85
2015-02-09,2046.73999,41.256737085276214,1847549143.9
2015-02-10,2068.590088,39.73920349534909,2868205390.47
2015-02-11,2068.530029,42.10031794249008,2945871387.015
2015-02-12,2088.47998,40.50822552625209,3797748162.065
2015-02-13,2096.98999,40.086094861810686,3348754192.705
2015-02-17,2100.340088,38.4416316521148,3580823495.235
2015-02-18,2099.679932,40.86027422480369,3546470631.545
2015-02-19,2097.449951,43.07273144515837,3743935804.055
2015-02-20,2110.300049,40.92544131390855,2555134680.1
2015-02-23,2109.659912,37.981550513552456,2557206388.755
2015-02-24,2115.47998,38.68562280491723,2906097989.78
2015-02-25,2113.860107,39.338357596630516,3174532943.995
2015-02-26,2110.73999,39.26474518628874,3213568682.7
2015-02-27,2104.5,39.09645444728624,2539460101.735
2015-03-02,2117.389893,39.30507521835695,3101129568.45
2015-03-03,2107.780029,41.69674769307656,2886065890.045
2015-03-04,2098.530029,41.80461389256007,2460770454.835
2015-03-05,2101.040039,40.61241224923896,2565651617.33
2015-03-06,2071.26001,43.730620423630924,1674265497.195
2015-03-09,2079.429932,39.20254207568463,1905671128.845
2015-03-10,2044.160034,41.60485984371244,600779581.485
2015-03-11,2040.23999,40.82818390758355,418278295.795
2015-03-12,2065.949951,39.40271996564574,1547603449.66
2015-03-13,2053.399902,43.58792048903357,1159434440.4
2015-03-16,2081.189941,38.14576039010314,2064486972.81
2015-03-17,2074.280029,41.37962350149956,1788279868.59
2015-03-18,2099.5,42.07407082152188,3140160119.255
2015-03-19,2089.27002,43.25809552427576,2744295207.82
2015-03-20,2108.100098,40.73308332513435,2028510991.73
2015-03-23,2104.419922,38.5255378071094,2075187395.795
2015-03-24,2091.5,40.40231357800206,1912572189.725
2015-03-25,2061.050049,42.629397120387594,590575196.015
2015-03-26,2056.149902,41.09636743530749,367453019.685
2015-03-27,2061.02002,39.71046117093831,831056261.42
2015-03-30,2086.23999,39.122800146819046,1700053107.63
2015-03-31,2067.889893,41.20772266483558,944428600.485
2015-04-01,2059.689941,41.22204182483989,618894196.05
2015-04-02,2066.959961,39.847933429828196,1074940970.65
2015-04-06,2080.620117,39.38303811936173,1735568185.79
2015-04-07,2076.330078,42.2460862350084,1689332052.21
2015-04-08,2081.899902,41.54473071646408,1804303641.795
2015-04-09,2091.179932,40.36077841700087,2314981154.685
2015-04-10,2102.060059,39.620169659214,2375226911.315
2015-04-13,2092.429932,41.02553454683785,2170858429.685
2015-04-14,2095.840088,42.19832035791459,2422102762.035
2015-04-15,2106.629883,42.091459529616884,2975840017.6
2015-04-16,2104.98999,43.69332696025809,3052527867.335
2015-04-17,2081.179932,47.00284398479777,1202496532.975
2015-04-20,2100.399902,40.52837451216505,1894828571.86
2015-04-21,2097.290039,39.04171119992787,1813870697.92
2015-04-22,2107.959961,41.54140533846541,2385931787.615
2015-04-23,2112.929932,42.14317322768427,2683491662.46
2015-04-24,2117.689941,42.06495530209295,2417361799.865
2015-04-27,2108.919922,39.73053631317962,2273854602.04
2015-04-28,2114.76001,39.24257639877558,2418731575.87
2015-04-29,2106.850098,39.96471018553488,2082509144.69
2015-04-30,2085.51001,42.323038746795625,1075418447.88
2015-05-01,2108.290039,40.36703527929408,2190755805.11
2015-05-04,2114.48999,41.10888553863051,2471501299.955
2015-05-05,2089.459961,42.682488952790756,1496920862.05
2015-05-06,2080.149902,43.3388036767755,1009398488.85
2015-05-07,2088.0,39.40541160878016,1264766567.27
2015-05-08,2116.100098,38.09299502037688,2526642514.635
2015-05-11,2105.330078,42.41374203926459,1982449256.665
2015-05-12,2099.120117,43.30518482490473,1623774190.45
2015-05-13,2098.47998,41.02010065621423,1675066004.788
2015-05-14,2121.100098,41.03807872791719,3502373806.27
2015-05-15,2122.72998,43.70702565957188,2079597220.45
2015-05-18,2129.199951,42.75449131745066,2556607995.905
2015-05-19,2127.830078,40.84860515603303,2571263653.93
2015-05-20,2125.850098,41.22857479667002,2549845958.165
2015-05-21,2130.820068,41.181147674034726,3339607172.69
2015-05-22,2126.060059,41.480943417247715,2362002518.805
2015-05-26,2104.199951,41.98023010170654,1434499900.75
2015-05-27,2123.47998,39.695153392825326,2592018999.51
2015-05-28,2120.790039,42.464483061776846,2372898572.905
2015-05-29,2107.389893,44.66524027857846,1367312810.48
2015-06-01,2111.72998,39.37006085165154,1676720619.575
2015-06-02,2109.600098,41.63155163549801,1764351175.44
2015-06-03,2114.070068,41.190666960673525,2192978076.475
2015-06-04,2095.840088,42.98594277056248,1362586521.99
2015-06-05,2092.830078,43.54490102283673,1246987308.025
2015-06-08,2079.280029,39.80935236701188,537458208.725
2015-06-09,2080.149902,38.84032193250745,633360352.43
2015-06-10,2105.199951,39.108779028335924,2185686640.445
2015-06-11,2108.860107,39.80221717607867,2107230797.385
2015-06-12,2094.110107,43.74587272981242,1158438209.075
2015-06-15,2084.429932,42.851588846961405,700941203.125
2015-06-16,2096.290039,41.29130441838494,1429825702.985
2015-06-17,2100.439941,41.43963631705481,1588681889.825
2015-06-18,2121.23999,39.29569678954591,3215023690.425
2015-06-19,2109.98999,42.62647226732329,1560110311.655
2015-06-22,2122.850098,38.884137701809976,2193443565.195
2015-06-23,2124.199951,39.60996356958653,2440180755.17
2015-06-24,2108.580078,40.96679417956725,1978176234.185
2015-06-25,2102.310059,40.52926089482059,1215758082.635
2015-06-26,2101.48999,40.21753984955405,1419688618.015
2015-06-29,2057.639893,43.790835928720426,84738566.52
2015-06-30,2063.110107,44.83414723326423,322708673.28
2015-07-01,2077.419922,42.696954414444036,954814190.155
2015-07-02,2076.780029,44.73931888021747,881344196.145
2015-07-06,2068.76001,42.77602360570253,697459847.88
2015-07-07,2081.340088,40.61095493415558,1103449568.355
2015-07-08,2046.680054,41.15775670781705,-299521222.825
2015-07-09,2051.310059,35.68488826270791,23490.725
2015-07-10,2076.620117,40.14040678182733,1111272375.15
2015-07-13,2099.600098,41.28810631865383,2255036450.91
2015-07-14,2108.949951,41.8734346780208,2702435253.695
2015-07-15,2107.399902,42.45735055487257,2693206592.465
2015-07-16,2124.290039,41.02190146230042,3751935768.95
2015-07-17,2126.639893,41.95699393599213,2177729779.33
2015-07-20,2128.280029,40.90402718785591,2312535031.53
2015-07-21,2119.209961,42.20913444447735,2172362608.325
2015-07-22,2114.149902,43.0951225354596,1817913775.56
2015-07-23,2102.149902,41.13682098390234,1382725581.41
2015-07-24,2079.649902,39.295200591193556,1008154404.035
2015-07-27,2067.639893,37.79743992969708,649501589.275
2015-07-28,2093.25,37.11159991176591,1332451218.085
2015-07-29,2108.570068,39.04497419216871,2000721430.64
2015-07-30,2108.629883,40.84932318885501,2124567236.44
2015-07-31,2103.840088,41.455740205929295,1752550647.24
2015-08-03,2098.040039,40.91111054284838,1648021007.35
2015-08-04,2093.320068,36.63070780376176,1595999704.43
2015-08-05,2099.840088,40.11640614988304,2141108724.67
2015-08-06,2083.560059,38.63788709709246,1288588086.815
2015-08-07,2077.570068,41.733409563113796,1096237294.935
2015-08-10,2104.179932,39.331718123395056,2057165110.14
2015-08-11,2084.070068,40.87019834335171,1275863223.12
2015-08-12,2086.050049,39.64553892508278,1223058079.29
2015-08-13,2083.389893,42.77268052675265,1089861250.35
2015-08-14,2091.540039,42.41923404029246,1487209661.655
2015-08-17,2102.439941,43.89064208820209,2152341704.645
2015-08-18,2096.919922,42.13372197231454,1868365575.56
2015-08-19,2079.610107,43.81267337823176,1190144019.27
2015-08-20,2035.72998,43.15754180423469,-1030802215.41
2015-08-21,1970.890015,44.08967343913364,-700178244.135
2015-08-24,1893.209961,42.69442402379096,-1096251820.545
2015-08-25,1867.609985,43.14287412345055,-1268401913.79
2015-08-26,1940.51001,46.33846955236205,-531337152.78
2015-08-27,1987.660034,44.95154299933511,392226554.68
2015-08-28,1988.869995,46.54493504021832,62539277.61
2015-08-31,1972.180054,47.4038891076752,-260571411.545
2015-09-01,1913.849976,51.379348421150716,-983005883.495
2015-09-02,1948.859985,46.299313127454575,-358189013.45
2015-09-03,1951.130005,45.49318668727014,-623883188.785
2015-09-04,1921.219971,48.05450998753895,-855189057.17
2015-09-08,1969.410034,44.57959872102027,-84956480.96
2015-09-09,1942.040039,47.95756703567406,-560123575.21
2015-09-10,1952.290039,45.58266894485284,-207740543.08
2015-09-11,1961.050049,47.837175820627884,-9248519.23
2015-09-14,1953.030029,46.91946855433772,-205729261.495
2015-09-15,1978.089966,43.91497833813105,450945217.88
2015-09-16,1995.310059,45.79020658743383,867296455.52
2015-09-17,1990.199951,47.45625288757316,588318101.305
2015-09-18,1958.030029,50.60056279932799,70967074.07
2015-09-21,1966.969971,46.9593247195754,327056397.28
2015-09-22,1942.73999,47.92072100224528,-171285514.95
2015-09-23,1938.76001,46.71628481368028,-111861435.905
2015-09-24,1932.23999,45.10611786843658,-73621990.64
2015-09-25,1931.339966,45.62680695154208,-42796545.13
2015-09-28,1881.77002,42.60925496923052,-754863666.255
2015-09-29,1884.089966,43.8698310049587,-823790905.13
2015-09-30,1920.030029,45.608413563771585,-127505007.955
2015-10-01,1923.819946,48.65944285361747,101770360.85
2015-10-02,1951.359985,47.107403553258884,464894132.85
2015-10-05,1987.050049,45.25164687099373,1190335818.16
2015-10-06,1979.920044,45.23217645376606,1074863035.28
2015-10-07,1995.829956,43.252076609783416,1376634134.43
2015-10-08,2013.430054,43.81777255105231,1702302482.99
2015-10-09,2014.890015,43.62533125411454,1534615750.36
2015-10-12,2017.459961,44.39268262416572,1785772163.64
2015-10-13,2003.689941,45.154108351667524,1558562755.43
2015-10-14,1994.23999,45.9109358674381,1075231156.51
2015-10-15,2023.859985,45.6829915535792,2483490048.67
2015-10-16,2033.109985,46.21277574262553,1468426255.455
2015-10-19,2033.660034,45.875615307231435,1647520253.385
2015-10-20,2030.77002,44.287650557167616,1593583429.55
2015-10-21,2018.939941,44.54962422651119,1298322501.03
2015-10-22,2052.51001,40.19942583801438,2146314709.65
2015-10-23,2075.149902,43.420100733343006,2277639622.405
2015-10-26,2071.179932,44.49420993723251,2239254089.225
2015-10-27,2065.889893,44.09114370579678,2223122158.93
2015-10-28,2090.350098,42.74325679583049,3026307014.29
2015-10-29,2089.409912,44.398987173537705,3363660993.1
2015-10-30,2079.360107,43.07292949570586,2325838399.55
2015-11-02,2104.050049,43.232747836954424,3057130012.84
2015-11-03,2109.790039,43.647891090532944,3341666550.2
2015-11-04,2102.310059,44.93006896681243,3163901702.37
2015-11-05,2099.929932,43.12292985161713,3080623609.67
2015-11-06,2099.199951,44.56252549141429,2722731926.88
2015-11-09,2078.580078,46.42863177567348,2002669231.825
2015-11-10,2081.719971,42.28797413179943,2162825002.33
2015-11-11,2075.0,42.36070520064356,2142766888.985
2015-11-12,2045.969971,45.86904297208477,936173077.87
2015-11-13,2023.040039,44.4630050569328,505858397.95
2015-11-16,2053.189941,43.2936087736641,1317177007.96
2015-11-17,2050.439941,45.12914814357593,1233059389.21
2015-11-18,2083.580078,41.75454795566572,3054518391.165
2015-11-19,2081.23999,43.19420074353763,3227424114.875
2015-11-20,2089.169922,43.706906267876796,2107585698.81
2015-11-23,2086.590088,42.31194155136695,2041097579.405
2015-11-24,2089.139893,41.38551162576141,2068329483.58
2015-11-25,2088.870117,42.24594569137007,2226521880.28
2015-11-27,2090.110107,43.15725273750435,2044117201.93
2015-11-30,2080.409912,42.97637364105384,1718802756.74
2015-12-01,2102.629883,42.38682991119268,2681642855.55
2015-12-02,2079.51001,43.2012259535725,1914484706.85
2015-12-03,2049.620117,43.47225793814835,762878060.235
2015-12-04,2091.689941,41.71154808852124,2387312598.92
2015-12-07,2077.070068,43.20520634998727,2056127765.905
2015-12-08,2063.590088,43.06578055135325,1707999374.445
2015-12-09,2047.619995,44.70719106923484,888828080.29
2015-12-10,2052.22998,42.0716070371487,1117329675.26
2015-12-11,2012.369995,44.656187567724345,145340174.49
2015-12-14,2021.939941,40.280543157840256,584071732.6
2015-12-15,2043.410034,37.9995166953516,1025373532.065
2015-12-16,2073.070068,39.72258234171831,2541139243.2
2015-12-17,2041.890015,44.07583133722192,1182891674.23
2015-12-18,2005.550049,45.41727710798404,296092458.375
2015-12-21,2021.150024,42.68848629040624,687767931.463
2015-12-22,2038.969971,42.866389332512725,1201747914.42
2015-12-23,2064.290039,41.13906717345137,1976328034.845
2015-12-24,2060.98999,42.92247716148266,1560467852.695
2015-12-28,2056.5,45.12813302719884,1633583127.97
2015-12-29,2078.360107,42.08890042415516,2596642777.83
2015-12-30,2063.360107,44.11241127523689,1903021117.565
2015-12-31,2043.939941,47.510251811339835,1065685891.67
2016-01-04,2012.660034,49.29022936597074,136714596.03
2016-01-05,2016.709961,45.61527618642226,237413996.79
2016-01-06,1990.26001,43.856953109102896,-359510543.27
2016-01-07,1943.089966,44.12217328399104,-1342058199.276
2016-01-08,1922.030029,45.04880224244382,-1250644442.471
2016-01-11,1923.670044,43.414216861418595,-1243387760.886
2016-01-12,1938.680054,45.44517413726492,-764107469.4
2016-01-13,1890.280029,47.96702558253721,-1817006984.82
2016-01-14,1921.839966,44.838409112242125,-1177880283.2
2016-01-15,1880.329956,47.39866090748825,-375450471.2538
2016-01-19,1881.329956,42.42655554458252,-397255911.35
2016-01-20,1859.329956,43.73305707143986,-498465362.785
2016-01-21,1868.98999,46.44220058679565,-281360365.3517
2016-01-22,1906.900024,46.01168647254748,199434653.795
2016-01-25,1877.079956,48.91020432379266,-82723996.064
2016-01-26,1903.630005,47.05025647573852,278270955.22
2016-01-27,1882.949951,47.53826779455026,-216293166.126
2016-01-28,1893.359985,44.74299121683968,300342896.265
2016-01-29,1940.23999,44.29433355756742,726299406.147
2016-02-01,1939.380005,47.0475826127459,734733069.66
2016-02-02,1903.030029,49.249769433226184,305046280.036
2016-02-03,1912.530029,46.49386379736245,237203834.4838
2016-02-04,1915.449951,45.55207816635013,252078863.78
2016-02-05,1880.050049,44.253157371935146,-171172028.955
2016-02-08,1853.439941,42.25303029748676,-325606961.895
2016-02-09,1852.209961,44.36066034457665,-304581054.175
2016-02-10,1851.859985,47.06263031353696,-359320306.16
2016-02-11,1829.079956,45.91948131466125,-534835436.99
2016-02-12,1864.780029,44.93281009679127,-67018014.69
2016-02-16,1895.579956,44.18896329800734,471933365.2498
2016-02-17,1926.819946,44.07182520106499,1271543499.2592
2016-02-18,1917.829956,45.98548841883994,869780396.115
2016-02-19,1917.780029,47.982466934540504,656853597.28
2016-02-22,1945.5,43.1894585154863,1100615702.7426
2016-02-23,1921.27002,44.47956835912959,679180787.09
2016-02-24,1929.800049,46.83653626122366,954122107.71
2016-02-25,1951.699951,44.26651831736352,1653544630.57
2016-02-26,1948.050049,44.80916034967501,1037595498.0336
2016-02-29,1932.22998,44.38486976424237,746722928.8865
2016-03-01,1978.349976,42.17479732486621,2060538256.69
2016-03-02,1986.449951,43.75460876578373,2241812060.47
2016-03-03,1993.400024,43.66845798378894,2448209617.52
2016-03-04,1999.98999,43.76016365867313,2080217797.39
2016-03-07,2001.76001,43.74000639940605,1991557373.0815
2016-03-08,1979.26001,45.824368693154085,1567405017.894
2016-03-09,1989.26001,44.41903637236979,1895732383.38
2016-03-10,1989.569946,46.33365909088403,2038781427.78
2016-03-11,2022.189941,41.45038397888416,2577535793.77
2016-03-14,2019.640015,45.979540494630264,2706928245.38
2016-03-15,2015.930054,45.48680319777391,2854086319.925
2016-03-16,2027.219971,46.02095573570398,3325522689.07
2016-03-17,2040.589966,42.57734207317826,3587067585.82
2016-03-18,2049.580078,42.20418123099203,1982913372.62
2016-03-21,2051.600098,42.31989097806171,2197754127.42
2016-03-22,2049.800049,42.53705090847602,2217646262.32
2016-03-23,2036.709961,44.394816114341815,1945774298.57
2016-03-24,2035.939941,46.3185742639255,1818046958.865
2016-03-28,2037.050049,43.77405641784613,1904795300.096
2016-03-29,2055.01001,45.33893776815987,2577311464.6108
2016-03-30,2063.949951,44.71842974541262,2944274165.3628
2016-03-31,2059.73999,44.39766279474091,2486571351.58
2016-04-01,2072.780029,44.600037337798994,2662766852.3634
2016-04-04,2066.129883,44.45182267681688,2502539001.72
2016-04-05,2045.170044,44.09791074459517,1925384214.09
2016-04-06,2066.659912,42.50922400255358,2699898369.68
2016-04-07,2041.910034,47.40314596924653,1778367908.64
2016-04-08,2047.599976,45.06023324496995,1929594457.92
2016-04-11,2041.98999,43.772653103094875,1759036138.5125
2016-04-12,2061.719971,42.087426955061616,2620696168.48
2016-04-13,2082.419922,43.62226423494936,3665229159.9153
2016-04-14,2082.780029,43.05781755677099,3744996413.95
2016-04-15,2080.72998,45.41938546221646,1612200580.46
2016-04-18,2094.340088,42.20893823357814,1941694497.965
2016-04-19,2100.800049,42.78622441846614,2093229325.52
2016-04-20,2102.399902,41.49973110239696,2184773087.71
2016-04-21,2091.47998,40.87930428635166,1915793323.725
2016-04-22,2091.580078,42.66989127911822,1543878959.78
2016-04-25,2087.790039,41.85518751699185,1598289891.62
2016-04-26,2091.699951,41.24311260566459,1606494629.0744
2016-04-27,2095.149902,42.262040240732276,1592998572.3632
2016-04-28,2075.810059,42.91978910255576,1181440575.1425
2016-04-29,2065.300049,44.888372727638846,1140488105.66
2016-05-02,2081.429932,42.659853015196234,1707694653.34
2016-05-03,2063.370117,45.07829608751174,1326277025.11
2016-05-04,2051.120117,45.63751902151012,941401806.06
2016-05-05,2050.629883,46.50352571153592,873688280.49
2016-05-06,2057.139893,43.35829500335319,1238117227.93
2016-05-09,2058.689941,46.03127539413055,1376757320.48
2016-05-10,2084.389893,44.25438081509457,2389425327.53
2016-05-11,2064.459961,47.79112452309511,1422476465.598
2016-05-12,2064.110107,44.118673994299066,1407285385.855
2016-05-13,2046.609985,43.84148169286275,747015660.104
2016-05-16,2066.659912,43.86606601035577,1345041760.32
2016-05-17,2047.209961,47.8400871887284,608207850.76
2016-05-18,2047.630005,46.35321029864753,623281588.94
2016-05-19,2040.040039,46.141459292378926,232951431.3733
2016-05-20,2052.320068,46.06825319360664,835991624.5292
2016-05-23,2048.040039,44.700372226444266,768651469.81
2016-05-24,2076.060059,40.11996783499474,1762288176.9
2016-05-25,2090.540039,43.39186861292,2368795625.8916
2016-05-26,2090.100098,44.34690374574275,2633433342.455
2016-05-27,2099.060059,42.395793356513764,2138576900.55
2016-05-31,2096.949951,44.10978893628669,2084096960.835
2016-06-01,2099.330078,43.20360173545581,2092914812.9
2016-06-02,2105.26001,42.085844403265874,2452774845.7
2016-06-03,2099.129883,45.76083753542059,1974596287.55
2016-06-06,2109.409912,42.23488626892477,2386878787.093
2016-06-07,2112.129883,41.298851820195345,2464050344.0943
2016-06-08,2119.120117,40.8115827023138,2903662120.65
2016-06-09,2115.47998,42.86906039215135,2828218932.42
2016-06-10,2096.070068,47.02771500366806,1825522493.345
2016-06-13,2079.060059,44.138175380064645,1091979205.35
2016-06-14,2075.320068,41.85671977133511,1218480835.945
2016-06-15,2071.5,43.46825362954003,1022311837.314
2016-06-16,2077.98999,43.112514797119076,1429817151.65
2016-06-17,2071.219971,44.62329763713096,705724726.8935
2016-06-20,2083.25,39.37913961219837,977049513.08
2016-06-21,2088.899902,40.690867433654724,1139069227.95
2016-06-22,2085.449951,41.246642878385046,1040508579.03
2016-06-23,2113.320068,41.19527272185757,2070835113.88
2016-06-24,2037.410034,46.52826661840676,143335707.955
2016-06-27,2000.540039,41.09883430667818,-388124018.2552
2016-06-28,2036.089966,42.692525464872126,393041886.0645
2016-06-29,2070.77002,43.496292295136406,1447809568.39
2016-06-30,2098.860107,41.97858852270717,2278865077.2698
2016-07-01,2102.949951,41.62656526035255,1967704862.945
2016-07-05,2088.550049,44.524204796175894,1649000298.36
2016-07-06,2099.72998,41.12860570870683,2113702588.69
2016-07-07,2097.899902,43.13027673842912,2176331777.21
2016-07-08,2129.899902,39.7013866986046,2905121503.63
2016-07-11,2137.159912,40.19944260922528,3328334725.065
2016-07-12,2152.139893,39.86624250984386,3726095542.25
2016-07-13,2152.429932,40.32610873178437,3529125034.13
2016-07-14,2163.75,39.832655799490304,4335890146.06
2016-07-15,2161.73999,41.0285164257454,2212109309.894
2016-07-18,2166.889893,38.93205645656913,2542586429.3772
2016-07-19,2163.780029,40.23484385423358,2592071925.79
2016-07-20,2173.02002,40.34885203788348,3044126597.01
2016-07-21,2165.169922,40.59758865738804,2683166421.355
2016-07-22,2175.030029,41.11368063939561,2497225802.26
2016-07-25,2168.47998,38.9420843152381,2351604645.12
2016-07-26,2169.179932,39.37018385641905,2265239341.247
2016-07-27,2166.580078,39.79899189867041,2539950624.53
2016-07-28,2170.060059,40.746215136201144,2750425587.96
2016-07-29,2173.600098,42.03514009966297,2544098511.27
2016-08-01,2170.840088,41.273591632929104,2640509288.52
2016-08-02,2157.030029,43.00088485795542,2161471365.6373
2016-08-03,2163.790039,44.19974729390905,2429117592.48
2016-08-04,2164.25,42.506035843433345,2611507377.811
2016-08-05,2182.87,42.33692639220081,3192828110.233
2016-08-08,2180.889893,41.28226137655154,3038872607.5
2016-08-09,2181.73999,41.49252736658402,3218806674.76
2016-08-10,2175.48999,41.92412797149913,2949217803.134
2016-08-11,2185.790039,40.00138553226792,3437947186.23
2016-08-12,2184.050049,41.66454129946092,2933433025.4525
2016-08-15,2190.149902,39.10541136856228,3233938681.495
2016-08-16,2178.149902,41.27269579988187,2631894879.8132
2016-08-17,2182.219971,40.49564338967023,2972769484.8
2016-08-18,2187.02002,41.459836921904106,3237901856.04
2016-08-19,2183.870117,41.795888973639,1886771204.565
2016-08-22,2182.639893,38.48539546007872,1957383213.76
2016-08-23,2186.899902,39.03115026115625,2255346967.705
2016-08-24,2175.439941,41.8052512459674,1670373835.8607
2016-08-25,2172.469971,42.29388033329516,1676291895.2055
2016-08-26,2169.040039,43.49897465798633,1666646338.954
2016-08-29,2180.379883,40.94012552688368,2211090143.4635
2016-08-30,2176.120117,42.101186204664955,1837775695.47
2016-08-31,2170.949951,41.73925017462609,1692810663.39
2016-09-01,2170.860107,43.39673470668926,1922523661.06
2016-09-02,2179.97998,42.61410651626384,2159846908.34
2016-09-06,2186.47998,44.19315202946486,2857730482.75
2016-09-07,2186.16,45.669156263720836,3011920153.196
2016-09-08,2181.300049,44.10897560403435,2639822947.56
2016-09-09,2127.81,48.53567194499658,138347397.35
2016-09-12,2159.04,41.58896480430473,1467106674.9217
2016-09-13,2127.02,47.23763378770481,206431973.5524
2016-09-14,2125.77,45.4349323429677,453189500.4386
2016-09-15,2147.26,43.648888766015084,1763279481.52
2016-09-16,2139.16,49.25932095704436,1187648409.0
2016-09-19,2139.12,44.14458438230959,1081142560.92
2016-09-20,2139.76,46.93733560274585,1262656626.18
2016-09-21,2163.12,44.73738080955764,2208944717.4946
2016-09-22,2177.18,43.42212212441612,3278783457.914
2016-09-23,2164.69,44.94454844676225,1752291252.7
2016-09-26,2146.1,45.92147427744418,1096990737.4
2016-09-27,2159.93,43.32785126155921,1901928594.9558
2016-09-28,2171.37,48.07633019817414,2396436211.8
2016-09-29,2151.13,48.11614749621991,1463816460.94
2016-09-30,2168.27,41.21652304849839,1833829524.1396
2016-10-03,2161.2,49.16064154870526,1827744019.75
2016-10-04,2150.49,48.62757735107666,1685482589.92
2016-10-05,2159.73,46.45500194753202,2247863461.16
2016-10-06,2160.77,45.17605012705549,2318307923.895
2016-10-07,2153.74,46.63061057980999,1857342772.49
2016-10-10,2163.66,41.31082001072112,2554594364.98
2016-10-11,2136.73,48.797685769569696,1489958559.11
2016-10-12,2139.18,43.801671923669076,1675949276.5
2016-10-13,2132.55,45.79159578635863,1008347683.12
2016-10-14,2132.98,45.885030081928605,1392173735.68
2016-10-17,2126.5,44.22594345263544,1137181848.835
2016-10-18,2139.6,45.77460608682859,1928994813.94
2016-10-19,2144.29,46.65717584259715,2300816192.78
2016-10-20,2141.34,47.61448126109823,2051637792.98
2016-10-21,2141.16,46.149187233775955,1420346093.2076
2016-10-24,2151.33,45.977930225580806,1894308247.7068
2016-10-25,2143.16,43.807632702575575,1735570476.685
2016-10-26,2139.43,45.961430544658825,1491017956.7165
2016-10-27,2133.04,45.03419717731824,1282380976.725
2016-10-28,2126.41,43.85119156417364,1109121056.435
2016-10-31,2126.15,45.10384517492146,1111644470.72
2016-11-01,2111.72,45.06843845853945,675195055.235
2016-11-02,2097.94,44.47566854425211,37847514.2
2016-11-03,2088.66,45.530436068666305,-438477709.7425
2016-11-04,2085.18,44.273145414187944,-58173193.5292
2016-11-07,2131.52,41.089612266582456,1344535316.835
2016-11-08,2139.56,43.04071884827772,1794665752.775
2016-11-09,2163.26,44.54005681677491,2192023913.03
2016-11-10,2167.48,44.23840912152311,1537673329.78
2016-11-11,2164.45,43.258251790833405,1618307241.6231
2016-11-14,2164.2,43.21293119047965,1301794958.7206
2016-11-15,2180.39,42.41981636135711,1885661128.745
2016-11-16,2176.94,45.24373235639996,2143823279.792
2016-11-17,2187.12,44.95031695020134,2646420144.01
2016-11-18,2181.9,45.40715757879953,1625513597.16
2016-11-21,2198.18,43.33553651249969,2333800005.87
2016-11-22,2202.94,43.36200132638634,2600775434.86
2016-11-23,2204.72,43.43325680937753,2513961245.285
2016-11-25,2213.35,46.27135678779712,2432575109.39
2016-11-28,2201.72,42.02422026788976,2121601420.7736
2016-11-29,2204.66,41.89644791060112,2055470103.625
2016-11-30,2198.81,44.72419902165406,1539471588.94
2016-12-01,2191.08,44.76188168226065,1085344301.98
2016-12-02,2191.95,43.63783864430333,1419736103.575
2016-12-05,2204.71,42.39447146224084,1878563794.465
2016-12-06,2212.23,42.5363096350221,2185484787.915
2016-12-07,2241.35,42.4503389773564,3255150163.585
2016-12-08,2246.19,42.08900065542945,3454439962.3572
2016-12-09,2259.53,41.4544692810757,3402208391.075
2016-12-12,2256.96,42.53417422183629,3280072338.0746
2016-12-13,2271.72,42.59569792672334,4279301953.0739
2016-12-14,2253.28,46.28850276562489,3631288373.0448
2016-12-15,2262.03,44.31902808155756,4178940422.58
2016-12-16,2258.07,44.8954817788295,2509639260.0706
2016-12-19,2262.53,41.74529518766794,2839790435.55
2016-12-20,2270.76,41.59014093110305,3173530533.5
2016-12-21,2265.18,43.64147510181727,3066078715.95
2016-12-22,2260.96,43.770496643671045,2583601284.31
2016-12-23,2263.79,43.14968707696052,2500880951.83
2016-12-27,2268.88,44.39871412496156,2820190468.84
2016-12-28,2249.92,47.11663448006256,2132294476.28
2016-12-29,2249.26,45.502169407227825,1856504137.09
2016-12-30,2238.83,46.24837710692494,1609280877.675
2017-01-03,2257.83,41.904407448854855,2289156551.215
2017-01-04,2270.75,44.76512288721382,2751534496.5096
2017-01-05,2269.0,45.63143810661462,3318908621.78
2017-01-06,2276.98,43.2638320816205,3211639551.11
2017-01-09,2268.9,44.50141198439598,3199197351.67
2017-01-10,2268.9,44.63205705813816,3280307540.08
2017-01-11,2275.32,45.431923427023854,3700475442.11
2017-01-12,2270.44,43.83313912375849,3707984953.205
2017-01-13,2274.64,45.89045857611223,3511712220.87
2017-01-17,2267.89,45.40386116232257,3429336677.415
2017-01-18,2271.89,43.58749027236334,3768468753.7328
2017-01-19,2263.69,44.19590687608102,3297701001.09
2017-01-20,2271.31,43.66324882275357,1578099266.28
2017-01-23,2265.2,43.13589726253485,1708750825.282
2017-01-24,2280.07,42.74712260362879,2289289788.8202
2017-01-25,2298.37,42.84546909845899,3111756195.635
2017-01-26,2296.68,42.688581776170324,3143210035.2042
2017-01-27,2294.69,44.17140497091631,2348826405.6709
2017-01-30,2280.9,41.989013140527945,1930516927.79
2017-01-31,2278.87,42.81987107850467,1673467850.97
2017-02-01,2279.55,44.23206844121136,1969052937.1332
2017-02-02,2280.85,42.27885634762301,2055582517.862
2017-02-03,2297.42,43.62984375733549,2402640119.98
2017-02-06,2292.56,44.17424564030019,2450586241.34
2017-02-07,2293.08,46.03930475719784,2786921792.84
2017-02-08,2294.67,43.899275596566326,3022530587.2519
2017-02-09,2307.87,44.74497514830112,3690893759.36
2017-02-10,2316.1,43.52580829512329,3355841268.9983
2017-02-13,2328.25,42.25522056500023,3976258048.7312
2017-02-14,2337.58,42.37849022739585,4283994471.009
2017-02-15,2349.25,43.96353950597916,4821739776.5533
2017-02-16,2347.22,44.06380168461049,5052474668.4061
2017-02-17,2351.16,43.603406666504476,2957371270.885
2017-02-21,2365.38,42.22974855081738,3601146629.0568
2017-02-22,2362.82,42.75246743737815,3786308765.79
2017-02-23,2363.81,44.10640971175358,3613693302.1545
2017-02-24,2367.34,42.69581224884202,3063691354.02
2017-02-27,2369.75,43.40175581927449,3308125236.36
2017-02-28,2363.64,43.13549296472622,3142043910.2625
2017-03-01,2395.96,40.27109502758162,4687762677.2366
2017-03-02,2381.92,45.881171108015664,3832673726.5956
2017-03-03,2383.12,47.27399961905542,3380582002.098
2017-03-06,2375.31,44.36087238817953,3254215850.4566
2017-03-07,2368.38,46.41106371395813,3255287384.2168
2017-03-08,2362.98,44.75738168001834,3175375285.9729
2017-03-09,2364.87,43.86023124740605,3506070221.9305
2017-03-10,2372.6,43.77832497583833,3279581350.992
2017-03-13,2373.47,43.95029667031718,3429978628.471
2017-03-14,2365.45,44.61259972089322,3134659287.341
2017-03-15,2385.26,45.1518050357638,4230261604.79
2017-03-16,2381.38,44.83764683625433,4489649237.14
2017-03-17,2378.25,46.88150154534583,2358067594.555
2017-03-20,2373.47,43.62128418542517,2490429000.925
2017-03-21,2344.02,44.582757792815656,888775805.0051
2017-03-22,2348.45,41.34058919586519,1232622905.675
2017-03-23,2345.96,43.54387082496912,914841135.195
2017-03-24,2343.98,44.30398188312605,1284651965.4236
2017-03-27,2341.59,42.09532906424873,1342419748.2073
2017-03-28,2358.57,41.92413243168166,2632905699.18
2017-03-29,2361.13,44.839171085371646,3181445589.0
2017-03-30,2368.06,44.70359316334897,3805342979.9172
2017-03-31,2362.72,44.17097899763125,2477170051.825
2017-04-03,2358.84,46.84719015599101,2586013256.285
2017-04-04,2360.16,43.086015344266485,2859520874.8561
2017-04-05,2352.95,44.74980805828556,2379113132.35
2017-04-06,2357.49,44.32624961089022,2075455691.615
2017-04-07,2355.54,43.37873503862183,2015509920.259
2017-04-10,2357.16,44.33170502858717,2310829477.06
2017-04-11,2353.78,45.62648716869298,1935589540.255
2017-04-12,2344.93,41.96952293413887,1410798372.855
2017-04-13,2328.95,43.31578332292741,897466670.7879
2017-04-17,2349.01,43.78271576046862,2344564435.57
2017-04-18,2342.19,48.02531462781795,2146742288.505
2017-04-19,2338.17,46.23722947183398,1937690305.795
2017-04-20,2355.84,45.36321199007042,3256252297.39
2017-04-21,2348.69,46.47179390588406,1504569269.4993
2017-04-24,2374.15,39.99839380589093,2542349546.24
2017-04-25,2388.61,43.25019039032787,3046181398.8431
2017-04-26,2387.45,44.64376320635675,3004122873.5088
2017-04-27,2388.77,44.83919249593627,3172588354.0653
2017-04-28,2384.2,45.97274796284389,2661533678.466
2017-05-01,2388.33,45.7717320716082,2936505640.498
2017-05-02,2391.17,45.08568241121363,3236252324.9065
2017-05-03,2388.13,44.62207311449138,3329037094.5019
2017-05-04,2389.52,45.57123383654862,3557770432.6442
2017-05-05,2399.29,43.01118186006699,3228449803.21
2017-05-08,2399.38,43.44419897820663,3618016837.51
2017-05-09,2396.92,42.82324757575698,3808223235.88
2017-05-10,2399.63,43.0030355862409,3390014045.745
2017-05-11,2394.44,41.88036905656161,3172535331.7
2017-05-12,2390.9,44.82292029322113,3114109853.76
2017-05-15,2402.32,42.72858290736319,3630440536.484
2017-05-16,2400.67,43.86188886188417,3952074761.765
2017-05-17,2357.03,44.179869634230265,398856431.6096
2017-05-18,2365.72,43.130997801695145,1331283510.615
2017-05-19,2381.73,42.13035187335709,1852734749.635
2017-05-22,2394.02,40.15911091659006,2519774841.775
2017-05-23,2398.42,40.62053531128334,2867337045.92
2017-05-24,2404.39,40.69511381323974,3657338702.7
2017-05-25,2415.07,40.17913874520452,4300610677.09
2017-05-26,2415.82,39.521420281238,3210988881.91
2017-05-30,2412.91,39.6819448405569,3190396960.998
2017-05-31,2411.8,41.56693431311746,2962182038.6199
2017-06-01,2430.06,41.17664095539625,3945015539.735
2017-06-02,2439.07,39.48666596941459,3821719369.875
2017-06-05,2436.1,42.71151403295845,3844934696.95
2017-06-06,2429.33,42.142672058302324,3418486599.26
2017-06-07,2433.14,41.78008695211828,3717447227.775
2017-06-08,2433.79,41.57672402315465,4125291760.574
2017-06-09,2431.77,43.02007579018193,2645365699.71
2017-06-12,2429.39,39.3552982258174,2268654010.51
2017-06-13,2440.35,44.041644028208,3163658623.71
2017-06-14,2437.92,45.44073905854617,2956299216.66
2017-06-15,2432.46,43.03788509341369,2129686005.5272
2017-06-16,2433.15,44.76249832055359,1657165659.0324
2017-06-19,2453.46,41.71008414723053,2727580040.2504
2017-06-20,2437.03,42.453529357297484,2153739574.56
2017-06-21,2435.61,42.07969562850306,2606582315.5285
2017-06-22,2434.5,42.29745973920933,2439881362.9835
2017-06-23,2438.3,42.750674215495046,2240870140.595
2017-06-26,2439.07,41.79566678960331,2101967153.28
2017-06-27,2419.38,41.69774155992616,904884267.055
2017-06-28,2440.69,40.6576196181644,2189595144.23
2017-06-29,2419.7,43.25665260815717,783130878.62
2017-06-30,2423.41,41.2161330916597,1311817692.38
2017-07-03,2429.01,41.55196358561256,1224692497.25
2017-07-05,2432.54,39.14672750689251,1634813999.92
2017-07-06,2409.75,41.295034913613236,741086536.4892
2017-07-07,2425.18,41.14299703596454,1748675386.83
2017-07-10,2427.43,44.032465394685325,2236989312.25
2017-07-11,2425.53,43.12967794223435,2406964140.2
2017-07-12,2443.25,41.246226446685405,3568376131.86
2017-07-13,2447.83,42.60977907755244,3700871269.6075
2017-07-14,2459.27,41.388596846295464,3578023271.935
2017-07-17,2459.14,42.46360199862263,3703191401.24
2017-07-18,2460.61,44.00387772454922,4072611129.005
2017-07-19,2473.83,43.47892539907609,4840080936.838
2017-07-20,2473.45,42.721446708817666,4896440336.01
2017-07-21,2472.54,41.28268110624987,2571479568.1
2017-07-24,2469.91,38.48751899202525,2659292906.06
2017-07-25,2477.13,40.28323217293593,2994489327.56
2017-07-26,2477.83,42.371757714280314,3258291857.5
2017-07-27,2475.42,43.41303841395004,2754693742.5383
2017-07-28,2472.1,41.7921255061868,2485956113.47
2017-07-31,2470.3,39.11388120950201,2200485777.7
2017-08-01,2476.35,39.2661261105748,2618834737.1
2017-08-02,2477.57,39.49479896953975,2863270487.975
2017-08-03,2472.16,39.644154636815884,2455822536.63
2017-08-04,2476.83,40.182709536513315,2745629049.995
2017-08-07,2480.91,39.82311639829896,2427472788.585
2017-08-08,2474.92,40.53271063457837,2833733962.5
2017-08-09,2474.02,39.94905700268409,2212185636.3325
2017-08-10,2438.21,39.269888026643116,-71863267.1825
2017-08-11,2441.32,40.07118458281302,1004666119.505
2017-08-14,2465.84,40.62752536471603,2444267277.91
2017-08-15,2464.61,41.5967044488105,2465323193.88
2017-08-16,2468.11,40.41878543841765,2494515506.518
2017-08-17,2430.01,43.799189894059346,-150856112.06
2017-08-18,2425.55,42.50306896859304,660227660.9508
2017-08-21,2428.37,39.02801888411182,582867140.84
2017-08-22,2452.51,39.03099902724262,1867699281.71
2017-08-23,2444.04,40.9688255193762,1540224819.7178
2017-08-24,2438.97,39.59162754964791,1256576763.93
2017-08-25,2443.05,41.97876666775023,1296966623.0748
2017-08-28,2444.24,41.34337711197278,1424962015.87
2017-08-29,2446.3,42.17053733690464,1836728486.97
2017-08-30,2457.59,42.45328615337286,2988261800.76
2017-08-31,2471.65,43.46561402690866,4140015061.8
2017-09-01,2476.55,43.68107606435296,3129196677.355
2017-09-05,2457.85,41.839711577999275,2211126449.74
2017-09-06,2465.54,41.38452879771391,2689585473.8943
2017-09-07,2465.1,41.25721609949205,3312763793.73
2017-09-08,2461.43,41.06665465161866,2114815471.72
2017-09-11,2488.11,38.71008783380922,3619729368.945
2017-09-12,2496.48,42.14147804882478,4255184663.05
2017-09-13,2498.37,41.08135868117249,4942817316.405
2017-09-14,2495.62,41.75552933311067,3820455990.12
2017-09-15,2500.23,41.978611584085904,2400578161.6928
2017-09-18,2503.87,39.17723436719136,2315047560.3211
2017-09-19,2506.65,39.24769387204435,2560995797.18
2017-09-20,2508.24,40.82706652886295,2946040211.3
2017-09-21,2500.6,38.93277289596782,2446882059.5849
2017-09-22,2502.22,38.379506698835456,2272641441.45
2017-09-25,2496.66,38.76311981701706,1782573615.95
2017-09-26,2496.84,38.9115935299149,2008563329.74
2017-09-27,2507.04,40.23681260141424,2925713101.5164
2017-09-28,2510.06,40.3038732446385,3307177590.27
2017-09-29,2519.36,40.05276670672741,3137768693.5
2017-10-02,2529.12,40.60050836333242,3393331793.61
2017-10-03,2534.58,40.39841251257845,3765100670.39
2017-10-04,2537.74,39.69398082230115,3903871091.0144
2017-10-05,2552.07,40.41939967726213,5258615223.92
2017-10-06,2549.33,43.149123852518876,4106554575.62
2017-10-09,2544.73,40.652345323247616,4170444453.099
2017-10-10,2550.64,40.43067039087412,4303231198.91
2017-10-11,2555.24,41.00205777853835,5023978812.73
2017-10-12,2550.93,39.599842371180785,5111977258.335
2017-10-13,2553.17,37.959673232376616,4516960353.77
2017-10-16,2557.64,38.531509007285905,4995564432.825
2017-10-17,2559.36,40.174227319345626,5487357785.01
2017-10-18,2561.26,39.7128498927839,5474784833.21
2017-10-19,2562.1,40.562786931586444,4847992924.965
2017-10-20,2575.21,39.74062079565877,3158333646.51
2017-10-23,2564.98,39.41077914923639,2746394034.14
2017-10-24,2569.13,37.90485629606235,3088273412.77
2017-10-25,2557.15,40.82047030986723,2587684237.6676
2017-10-26,2560.4,38.58822100460214,2925319417.9357
2017-10-27,2581.07,37.32169662391034,3701538831.28
2017-10-30,2572.83,39.72575127033467,3566666881.72
2017-10-31,2575.26,40.45489273480774,3696707777.42
2017-11-01,2579.36,40.49695739848408,4096593319.265
2017-11-02,2579.85,41.99135899808155,4125236219.89
2017-11-03,2587.84,40.95757913035804,3975769181.36
2017-11-06,2591.13,41.37341413233457,4219761342.365
2017-11-07,2590.64,42.45601971448431,4232304484.57
2017-11-08,2594.38,39.37302747855182,4625795733.19
2017-11-09,2584.62,38.94728464835977,4379971513.79
2017-11-10,2582.3,37.356907968185,3671429598.51
2017-11-13,2584.84,37.11603095843844,3988331511.5
2017-11-14,2578.87,35.28428156409238,3775361878.485
2017-11-15,2564.62,35.046943177530586,2973086457.1
2017-11-16,2585.64,35.61922468965251,4708182202.78
2017-11-17,2578.85,38.53712475232708,2551103396.99
2017-11-20,2582.14,34.10900936386438,2798334560.17
2017-11-21,2599.03,34.26316018312751,4234323717.406
2017-11-22,2597.08,36.09259683351487,4452596018.42
2017-11-24,2602.42,33.8535755632266,3681749088.92
2017-11-27,2601.42,36.0858811832183,3824847562.11
2017-11-28,2627.04,34.04614816266168,4415707565.47
2017-11-29,2626.07,34.66082484923063,3077547281.435
2017-11-30,2647.58,35.04563907820769,4005437413.04
2017-12-01,2642.18,38.43710955294654,3565285025.1501
2017-12-04,2639.41,35.44915446031176,3179143493.04
2017-12-05,2629.57,35.68423736211936,3006323536.41
2017-12-06,2629.27,36.60326002755351,3221604441.55
2017-12-07,2636.99,36.067404485076295,4078856890.482
2017-12-08,2651.5,36.19408581982882,4286751541.56
2017-12-11,2659.99,35.83501233154318,5002864391.03
2017-12-12,2664.13,35.98529952118868,4812998491.91
2017-12-13,2662.86,35.30068553176299,4925521443.06
2017-12-14,2652.07,35.929663929767926,4995921854.005
2017-12-15,2675.71,35.20794102377088,4052381577.72
2017-12-18,2690.22,35.25380477302373,4789244130.62
2017-12-19,2681.47,34.26259741449386,4487952788.9
2017-12-20,2679.25,37.58628493598562,4195335914.92
2017-12-21,2684.59,36.65692856405075,4418995150.95
2017-12-22,2683.36,38.32727155557058,4096336394.665
2017-12-26,2680.5,39.80475826034513,3825725876.34
2017-12-27,2682.6,35.607932512492056,4128878605.015
2017-12-28,2687.52,37.04361222564958,4664796613.88
2017-12-29,2674.09,39.17257256183982,3351766524.91
2018-01-02,2695.79,35.86594271415929,5104672299.74
2018-01-03,2713.06,36.17313496649001,6227584426.44
2018-01-04,2723.98,37.96517869431588,6817650988.48
2018-01-05,2742.98,37.64925874005508,6572707311.26
2018-01-08,2747.68,38.20673548316148,6870883578.56
2018-01-09,2751.3,37.67479111544614,6770874051.855
2018-01-10,2748.22,38.02258957559919,6789551646.719
2018-01-11,2767.55,36.00090549752855,7951915844.1114
2018-01-12,2786.22,38.05778827968454,7173202577.632
2018-01-16,2776.42,37.20702027417006,6959809025.195
2018-01-17,2802.56,36.0791030699119,7577134958.967
2018-01-18,2798.07,36.02269161146211,7644008229.99
2018-01-19,2810.29,36.41087029033941,3593970429.88
2018-01-22,2832.97,33.055509968449556,4373024751.94
2018-01-23,2839.19,35.41737050598471,4800925654.2188
2018-01-24,2837.6,35.37028917742587,4411708369.174
2018-01-25,2839.28,35.22102817042903,4760333570.865
2018-01-26,2872.8,33.97655716720019,4205395487.39
2018-01-29,2853.5,35.45219907848362,3702808441.51
2018-01-30,2822.46,34.1564500575004,3167661452.145
2018-01-31,2823.9,36.27640866651613,3283853686.065
2018-02-01,2822.02,36.08138992077483,3586702014.29
2018-02-02,2761.94,37.06254582132939,1759752169.87
2018-02-05,2648.96,37.93188486570066,-290859250.9026
2018-02-06,2695.19,41.88131328460481,880533617.98
2018-02-07,2681.62,39.275488800089505,392240276.78
2018-02-08,2581.03,42.24347672508821,-1572473954.0187
2018-02-09,2619.55,39.87053881499903,-407018448.625
2018-02-12,2655.95,41.73835610518792,247139927.23
2018-02-13,2662.97,41.34685980602712,644932796.35
2018-02-14,2698.66,40.95018642887655,2194669015.25
2018-02-15,2731.2,40.7739206773797,3755415455.517
2018-02-16,2732.21,39.78645767362991,2205235784.85
2018-02-20,2716.26,39.364115604678155,1944371276.77
2018-02-21,2701.39,41.85553252700987,2109151018.45
2018-02-22,2703.96,40.84306233642362,2108961974.2
2018-02-23,2747.36,38.84394572645612,3050120601.3
2018-02-26,2779.6,36.95247942802478,4120671858.23
2018-02-27,2744.28,40.03239608713739,3083412585.11
2018-02-28,2713.78,39.93031599463898,1977841424.44
2018-03-01,2677.51,42.43261867302946,669570064.29
2018-03-02,2691.26,41.224545406634576,1603757717.42
2018-03-05,2720.95,39.88033945384561,2562279324.87
2018-03-06,2728.13,42.0584868983078,3119066252.71
2018-03-07,2726.87,43.26976161104801,3337911437.55
2018-03-08,2738.96,40.97195949764394,4143332751.5
2018-03-09,2786.53,38.65537056281849,4764827621.28
2018-03-12,2783.03,43.54749885283394,4860254942.4
2018-03-13,2765.3,44.172592571747074,3836021863.105
2018-03-14,2749.51,43.66968657499389,3378639150.62
2018-03-15,2747.33,41.09766243321769,3305740195.76
2018-03-16,2751.79,40.67167420297723,2377232464.15
2018-03-19,2712.93,42.97425415267307,1175145674.42
2018-03-20,2716.94,40.64598119107592,1699815365.82
2018-03-21,2711.92,41.86079689759385,1537756387.43
2018-03-22,2643.7,42.17830030943029,-314435641.46
2018-03-23,2588.25,43.35092284650585,-458889987.57
2018-03-26,2658.55,42.54340759839082,830561198.155
2018-03-27,2612.62,44.723773889678746,-386192078.94
2018-03-28,2605.0,43.59926695243567,-700363602.0
2018-03-29,2641.91,42.16334453579263,503862629.14
2018-04-02,2581.82,45.44552279155804,-529523973.83
2018-04-03,2614.43,43.285938624720885,55832813.425
2018-04-04,2644.68,42.66170690468409,882950576.08
2018-04-05,2662.81,42.621388945574026,1957752253.445
2018-04-06,2604.44,47.7097593991174,55613925.81
2018-04-09,2613.16,41.13571898924514,183350195.13
2018-04-10,2656.85,43.88048741431199,1545747105.11
2018-04-11,2642.19,45.48811445927431,1196205218.03
2018-04-12,2664.01,43.653794062490746,2190652243.21
2018-04-13,2656.31,44.038125405451,1373017692.91
2018-04-16,2677.89,42.07425794040148,2189160271.28
2018-04-17,2706.39,41.463203787564204,3825295233.32
2018-04-18,2708.65,41.82954914021394,4087229001.94
2018-04-19,2693.13,43.57139839655664,3825622132.49
2018-04-20,2670.15,43.10340187243408,1576649965.66
2018-04-23,2670.28,42.014308242980455,1514516029.805
2018-04-24,2634.57,44.912198157673636,504608616.71
2018-04-25,2639.36,45.22125967746486,650553973.24
2018-04-26,2667.12,43.24412867443539,1950646322.1725
2018-04-27,2669.94,41.484713588380004,1956197495.505
2018-04-30,2648.07,42.66868799132368,1346647655.89
2018-05-01,2654.7,43.02565603439968,1850593837.56
2018-05-02,2635.66,41.8075285692821,1581836989.93
2018-05-03,2629.74,42.24796018345353,1412590884.09
2018-05-04,2663.47,42.330076688624594,2384530565.08
2018-05-07,2672.6,42.02944534642835,3145903981.87
2018-05-08,2671.92,42.76686562118553,3196530055.22
2018-05-09,2697.79,41.3022317879179,4715828884.73
2018-05-10,2723.05,42.66558337470744,5561937365.32
2018-05-11,2727.73,41.6560064858829,4425220746.24
2018-05-14,2730.37,43.068105659715464,4754646369.36
2018-05-15,2711.47,44.2138768990568,3331060808.42
2018-05-16,2722.48,42.29957279386879,4245402572.0648
2018-05-17,2720.12,44.42721358397097,3594238409.76
2018-05-18,2713.02,42.684213013632224,2151459414.28
2018-05-21,2733.03,42.65603135310021,3062676879.5
2018-05-22,2724.5,43.223261770459146,2812965624.015
2018-05-23,2733.28,43.91368304777744,3876081266.97
2018-05-24,2727.79,44.94906139964896,4045804067.8
2018-05-25,2721.3,43.02073640991877,3155602060.7
2018-05-29,2689.83,45.16745849471354,2307985090.11
2018-05-30,2724.06,41.54452595477603,3788835456.305
2018-05-31,2705.32,44.61787183322795,3668514396.88
2018-06-01,2734.58,42.72626685866477,3988109847.62
2018-06-04,2746.87,42.36543028048935,4652474394.15
2018-06-05,2748.81,44.41780259862442,4769731072.14
2018-06-06,2772.3,41.76729045074301,5830607526.43
2018-06-07,2770.33,43.49159957780388,5339908449.04
2018-06-08,2778.98,44.3660652700635,4912654806.5
2018-06-11,2782.0,42.79765061815364,5319632165.72
2018-06-12,2786.84,41.042409641838276,6023685867.13
2018-06-13,2775.63,45.195046566648614,5815433663.97
2018-06-14,2782.55,44.47428743541997,6727663484.26
2018-06-15,2779.44,43.81615261865274,2864671245.07
2018-06-18,2773.87,42.70174917212395,3105568040.35
2018-06-19,2762.57,43.50709087750882,2978830498.47
2018-06-20,2767.34,43.68946603299017,3635122358.3165
2018-06-21,2749.76,44.374483162069836,2140074979.7492
2018-06-22,2754.89,40.97169017591333,2165247594.04
2018-06-25,2717.08,43.49813196029505,540369643.95
2018-06-26,2723.04,43.05939431896516,1176139452.105
2018-06-27,2699.66,44.63822319978727,138804939.2005
2018-06-28,2716.32,43.5326023000611,1277153188.93
2018-06-29,2718.57,43.39905333630444,1327486451.41
2018-07-02,2726.56,43.26721653011985,1849445413.58
2018-07-03,2713.22,43.06500915929319,1021590997.21
2018-07-05,2736.7,43.616093520572605,2214395300.0
2018-07-06,2759.79,41.579379388486494,2694101430.5
2018-07-09,2784.2,43.809445769462506,4124985704.61
2018-07-10,2793.82,42.30257953173014,4665824180.22
2018-07-11,2774.04,43.42778674974629,3988981721.09
2018-07-12,2798.33,40.75679188855047,5804466919.03
2018-07-13,2801.26,42.401011526905044,4318722133.1
2018-07-16,2798.44,43.41955876774082,4536613826.41
2018-07-17,2809.6,45.51267612783561,5274946022.29
2018-07-18,2815.62,41.87872587814186,5679877109.12
2018-07-19,2804.52,44.00814225727855,4656701208.47
2018-07-20,2801.84,42.47407367988614,2441052805.07
2018-07-23,2806.97,40.68555242800848,2637386284.63
2018-07-24,2820.34,40.49563657831913,3446396573.67
2018-07-25,2846.01,41.15379244175904,4533887785.96
2018-07-26,2837.43,39.96532341094603,4420080681.505
2018-07-27,2818.85,39.98132339992524,2925301947.86
2018-07-30,2802.61,39.52878206750159,1927611458.56
2018-07-31,2816.23,40.088937394326514,2176867642.56
2018-08-01,2813.42,40.92167813086804,2652864480.575
2018-08-02,2827.27,39.44033979880846,4221703298.741
2018-08-03,2840.35,41.19711736008584,3551087359.34
2018-08-06,2850.45,40.22963017961707,4432342494.785
2018-08-07,2858.48,39.906205033679,5108370076.68
2018-08-08,2857.72,40.270878855919975,5292109110.1235
2018-08-09,2853.58,40.70787428598802,5211226091.47
2018-08-10,2833.27,42.27900072398826,3077839473.49
2018-08-13,2821.95,42.03249015199041,2837130072.31
2018-08-14,2839.99,40.82229566829399,4023188862.41
2018-08-15,2818.42,42.09709354528141,2085245978.14
2018-08-16,2840.72,38.91775527246002,3263179010.94
2018-08-17,2850.14,41.58415860918889,2411927575.225
2018-08-20,2857.05,40.21996305714619,2693750595.1665
2018-08-21,2862.88,40.19380960924826,3276857875.32
2018-08-22,2861.83,40.29458152667753,3999483245.42
2018-08-23,2856.98,40.25003945482466,3824789266.98
2018-08-24,2874.7,39.29194298921378,3501195296.745
2018-08-27,2896.71,39.59603180511393,4941883900.13
2018-08-28,2897.57,40.24343698875312,5118946552.53
2018-08-29,2914.04,41.00195969297476,6270317608.04
2018-08-30,2901.13,42.83233123394831,5975640565.56
2018-08-31,2901.44,42.5852063066878,3966964283.56
2018-09-04,2896.73,40.793481034334974,3366180323.97
2018-09-05,2888.66,39.3477663593455,2711506950.41
2018-09-06,2878.08,39.17426253018848,1178267245.493
2018-09-07,2871.73,41.51575251933794,2473373750.75
2018-09-10,2877.16,42.619180617849814,2217879823.06
2018-09-11,2887.91,38.512701209008796,3524473808.96
2018-09-12,2888.92,41.29380153364832,3886323590.68
2018-09-13,2904.2,40.36682311399039,5055063637.47
2018-09-14,2905.02,39.279046740362276,3677162317.26
2018-09-17,2888.85,42.56561791471444,2456434907.84
2018-09-18,2904.32,39.404257545127294,3278023101.29
2018-09-19,2907.94,38.95250715805848,3951373405.1
2018-09-20,2930.75,40.14920191973742,5910353360.946
2018-09-21,2929.22,42.92120436623198,2724444350.07
2018-09-24,2919.37,39.06230302327947,2703187780.086
2018-09-25,2915.58,38.53106818154539,3379749724.73
2018-09-26,2906.02,39.764812314324196,3276840640.215
2018-09-27,2914.0,37.37747905691267,4843758173.1
2018-09-28,2913.95,39.7763054470822,3114529990.5513
2018-10-01,2924.64,38.117593430762746,3672224009.1
2018-10-02,2923.42,39.91487326544982,2934354579.4
2018-10-03,2925.48,41.194300506856294,3028216317.22
2018-10-04,2901.61,41.18229553880048,1136127138.82
2018-10-05,2885.57,39.7385537620392,1310544943.09
2018-10-08,2884.55,38.063109127232394,1115410435.65
2018-10-09,2880.35,39.360115682989736,1034143167.32
2018-10-10,2785.76,39.9704134679423,-1396394101.0834
2018-10-11,2728.39,39.536758013609955,-2204206434.5764
2018-10-12,2767.03,43.40848075147121,-799233330.975
2018-10-15,2750.8,41.89438387536269,-1381848130.18
2018-10-16,2810.03,38.91040602839659,474268302.36
2018-10-17,2809.2,41.47196288334451,758333640.66
2018-10-18,2769.15,41.49643849742547,-1029438669.56
2018-10-19,2767.73,41.51110498517765,163142302.96
2018-10-22,2755.87,40.099833582343294,44405327.86
2018-10-23,2740.68,39.6488373687246,721931.91
2018-10-24,2656.29,42.73424854285284,-1077040424.97
2018-10-25,2705.61,40.12670648127439,-274658001.14
2018-10-26,2658.5,41.357673398959534,-671401605.16
2018-10-29,2641.12,39.87531072794071,-858555385.87
2018-10-30,2682.64,38.22592453700422,-392313380.19
2018-10-31,2711.7,41.36474257248404,510464123.74
2018-11-01,2740.34,41.25491476018352,1403817171.71
2018-11-02,2722.7,44.63509809455284,476260173.04
2018-11-05,2738.31,39.30471744406636,528749576.53
2018-11-06,2755.5,40.5236640320379,998457377.19
2018-11-07,2813.79,39.77210078256171,3237433461.43
2018-11-08,2806.84,40.86246320227739,2806110743.01
2018-11-09,2781.13,40.66339195302693,1144125546.8
2018-11-12,2726.26,40.369659818635114,-144822213.3
2018-11-13,2722.04,41.1928213439856,-147305645.11
2018-11-14,2701.74,40.089582655350746,-619059505.11
2018-11-15,2730.36,40.60662951858883,174032784.77
2018-11-16,2736.29,41.374447208185835,532424709.075
2018-11-19,2690.78,37.62483024449731,-74809599.57
2018-11-20,2641.8,38.20896336317643,-681335405.54
2018-11-21,2649.99,41.75136674448828,-601903150.805
2018-11-23,2632.56,42.39690721226224,-516121747.37
2018-11-26,2673.45,41.321448497774,93513112.41
2018-11-27,2682.12,40.41617372263907,436332486.5
2018-11-28,2743.78,43.28471984165817,2232535254.12
2018-11-29,2737.76,43.9272808893976,2256852360.98
2018-11-30,2760.16,43.32969186356036,1746919857.67
2018-12-03,2790.37,40.400202735078075,2852734190.682
2018-12-04,2700.06,42.129874828420924,211888511.05
2018-12-06,2695.95,40.78082010460755,431713555.91
2018-12-07,2632.99,43.57838151029154,-504674341.2
2018-12-10,2637.72,37.804437597148286,-375947314.93
2018-12-11,2637.03,40.23246853566826,-201598330.33
2018-12-12,2651.07,38.792065579601456,236728313.07
2018-12-13,2650.54,40.21361239082947,265020913.47
2018-12-14,2599.95,40.65261814044208,-804333850.05
2018-12-17,2545.94,40.25379159553988,-1673337523.3215
2018-12-18,2546.16,41.09752592651808,-1424748790.78
2018-12-19,2506.96,43.79963348733017,-2235910856.23
2018-12-20,2467.41,41.47437049843939,-2567871605.38
2018-12-21,2416.63,40.92493619023651,-1350551226.89
2018-12-24,2351.1,42.77407996032184,-1726171988.74
2018-12-26,2467.7,45.510742018381286,-624662702.74
2018-12-27,2488.83,47.10263956514197,-218526888.785
2018-12-28,2485.74,45.08256388040964,-523373659.13
2018-12-31,2506.85,44.72231673852819,-246393093.455
2019-01-02,2510.03,48.225869571089405,-96696805.65
2019-01-03,2447.89,46.27767874305583,-1015709459.62
2019-01-04,2531.94,44.39222029591675,88481012.8
2019-01-07,2549.69,45.370956284607864,472253328.95
2019-01-08,2574.41,45.18629959372734,1087226846.17
2019-01-09,2584.96,46.62657951478837,1294438198.62
2019-01-10,2596.63,45.29274889113129,1534655632.059
2019-01-11,2596.26,46.146417545988314,1118377810.16
2019-01-14,2582.61,45.92292602864333,688458333.12
2019-01-15,2610.3,45.63619519652734,1966014371.59
2019-01-16,2616.1,45.77162461948135,2089639177.24
2019-01-17,2635.96,46.8120247629983,3018602481.57
2019-01-18,2670.71,45.75203947300968,1559369882.52
2019-01-22,2632.9,42.87782924742844,741811818.3125
2019-01-23,2638.7,43.1434087428765,924567396.87
2019-01-24,2642.33,42.937057297571855,1205020174.77
2019-01-25,2664.76,41.700227347712236,1315967588.27
2019-01-28,2643.85,43.34830182685116,1029074479.16
2019-01-29,2640.0,42.3230403944224,872710620.18
2019-01-30,2681.05,43.09470604899384,2059768944.55
2019-01-31,2704.1,41.79167373640004,2816569716.63
2019-02-01,2706.53,43.283767944731274,2037890380.93
2019-02-04,2724.87,42.73491417341539,2651320973.3
2019-02-05,2737.7,43.40377259893463,3402101379.91
2019-02-06,2731.61,44.06807004348221,2899263645.91
2019-02-07,2706.04,44.9229454639596,1478314706.253
2019-02-08,2707.88,44.46579741898839,1678506190.035
2019-02-11,2709.8,41.0361816200837,1697150333.89
2019-02-12,2744.73,41.097392016979576,3152210828.46
2019-02-13,2753.03,42.91487931390902,3507457725.65
2019-02-14,2745.73,44.93304661632891,3090404163.37
2019-02-15,2775.6,41.92599763843758,2110208349.56
2019-02-19,2779.76,40.568149914502335,2495344036.92
2019-02-20,2784.7,43.38296165302072,2647972675.448
2019-02-21,2774.88,43.5948105129791,2191834768.79
2019-02-22,2792.67,41.46083121410495,2564574167.79
2019-02-25,2796.11,40.27784910177692,2718344115.64
2019-02-26,2793.9,43.61999328393908,2779307701.91
2019-02-27,2792.38,43.61609333344247,2821204312.03
2019-02-28,2784.49,42.86111088497488,2457292621.19
2019-03-01,2803.69,43.20047353705026,2849712007.54
2019-03-04,2792.81,42.54243623902551,2814839966.48
2019-03-05,2789.65,42.55348945094788,2834080426.94
2019-03-06,2771.45,48.21749213855121,2111785443.814
2019-03-07,2748.93,47.760212106215,557643405.82
2019-03-08,2743.07,45.3461437678349,875458278.44
2019-03-11,2783.3,44.354975729660865,2811441414.66
2019-03-12,2791.52,45.052943859917,3361779820.78
2019-03-13,2810.93,43.2314464362894,4416755271.62
2019-03-14,2808.48,43.15012099535363,4136001114.52
2019-03-15,2822.48,43.72074854875413,2278105805.78
2019-03-18,2832.94,43.66515172425695,2707893175.3
2019-03-19,2832.57,44.28023209204248,2886374466.81
2019-03-20,2824.23,46.41135100005041,3150949854.34
2019-03-21,2854.88,44.13591970157528,4391527361.17
2019-03-22,2800.71,44.53404370015361,1684721855.07
2019-03-25,2798.36,43.4858324308545,1652744525.93
2019-03-26,2818.46,41.81503753229488,2289489604.88
2019-03-27,2805.37,42.57029646687748,1714094104.93
2019-03-28,2815.44,42.04475640956093,2161053226.81
2019-03-29,2834.41,42.96822366158512,2536729465.51
2019-04-01,2867.19,40.000020451121536,3828722920.45
2019-04-02,2867.24,41.06769500666387,4007118721.27
2019-04-03,2873.4,39.64985233753913,4508422261.37
2019-04-04,2879.39,41.34606151704433,4919287343.33
2019-04-05,2892.74,40.07398665134652,4172201282.74
2019-04-08,2895.77,43.8380784857507,4386606537.93
2019-04-09,2878.2,43.78361634913171,3715873468.49
2019-04-10,2888.21,41.66839295059643,4484511507.27
2019-04-11,2888.32,41.33299088995252,4721750714.78
2019-04-12,2907.41,41.29393705918706,4364967900.26
2019-04-15,2905.58,40.09609809046476,4543714311.07
2019-04-16,2907.06,40.11210879671217,5211638562.95
2019-04-17,2900.47,40.26479900310597,5275554128.4
2019-04-18,2905.03,40.75458729460488,2595828541.24
2019-04-22,2907.97,40.34221603407323,2883829567.29
2019-04-23,2933.68,39.64421714117936,3708523161.62
2019-04-24,2927.25,41.52197751149883,3347828563.55
2019-04-25,2926.17,43.23092142539821,3461944378.65
2019-04-26,2939.88,41.4497149359352,3316026880.92
2019-04-29,2943.03,39.44859343295112,3489304625.13
2019-04-30,2945.83,39.27139317532592,3022369058.66
2019-05-01,2923.73,40.75883999887943,2294443396.82
2019-05-02,2917.52,40.92648300886249,1588138611.89
2019-05-03,2945.64,38.23921649029572,3683628614.6
2019-05-06,2932.47,41.56989633302715,3269513326.26
2019-05-07,2884.05,42.14042277595567,1387700954.2385
2019-05-08,2879.42,41.0670807930837,1315362873.45
2019-05-09,2870.72,41.02910062479018,611175785.84
2019-05-10,2881.4,42.3492587407047,1407780723.75
2019-05-13,2811.87,41.90373835404879,-660387652.62
2019-05-14,2834.41,42.04238068431046,-137878630.94
2019-05-15,2850.96,41.939756852375844,1154771281.38
2019-05-16,2876.32,44.00783586226289,3114396509.76
2019-05-17,2859.51,46.33863228288788,1101371353.02
2019-05-20,2840.23,41.92019056156809,511229616.92
2019-05-21,2864.36,42.429642411687965,1077281483.64
2019-05-22,2856.27,42.70291304148654,970565608.75
2019-05-23,2822.24,43.44893373502281,-322305972.065
2019-05-24,2826.06,44.353332143138864,425214209.92
2019-05-28,2802.39,43.376222258867756,86997253.178
2019-05-29,2783.02,43.68753273205344,-617453262.73
2019-05-30,2788.87,44.23648638852451,-249167557.38
2019-05-31,2752.06,45.502505600040934,-655603961.19
2019-06-03,2744.31,42.92220916124778,-998686295.49
2019-06-04,2803.27,44.42348785171078,508859114.11
2019-06-05,2826.15,43.68034682530867,1316830936.97
2019-06-06,2843.49,42.573206379798975,2139446209.27
2019-06-07,2873.34,41.93306602461454,2312457965.46
2019-06-10,2886.73,42.9004630027272,2992053140.71
2019-06-11,2885.72,42.7217653480594,2919367097.67
2019-06-12,2879.84,43.04244227928813,2534629945.1
2019-06-13,2891.64,44.19949546369403,3341129060.47
2019-06-14,2886.99,43.490477466920055,2601722033.3
2019-06-17,2889.67,40.889719903428514,3026953726.93
2019-06-18,2917.75,37.5277304558986,4231361794.49
2019-06-19,2926.46,40.06926818407188,4655163284.88
2019-06-20,2954.18,42.638902902965334,6809353453.165
2019-06-21,2950.5,42.61558789190537,2788279329.82
2019-06-24,2945.36,43.36189375782864,2682082373.12
2019-06-25,2917.38,39.75185628924664,1715046079.76
2019-06-26,2913.78,40.846762494918394,1979085658.9
2019-06-27,2924.92,40.399113549622164,2235671648.66
2019-06-28,2941.76,39.768475651515026,2150116149.59
2019-07-01,2964.33,40.468097579455595,3009288045.35
2019-07-02,2973.01,41.33743809995305,4032391466.0
2019-07-03,2995.82,36.92637221910182,6001563023.13
2019-07-05,2990.41,42.90745519059785,3605487091.6
2019-07-08,2975.95,39.42995789102878,3363916928.12
2019-07-09,2979.63,39.50082726999415,5031135139.11
2019-07-10,2993.07,38.68796710927307,6799856780.29
2019-07-11,2999.91,38.8058418312824,6114535111.83
2019-07-12,3013.77,39.56061164972284,6592506392.835
2019-07-15,3014.3,39.20375048298314,7692487282.54
2019-07-16,3004.04,37.802337501713126,7100241254.76
2019-07-17,2984.42,40.85264590450443,5114619730.99
2019-07-18,2995.1,42.01358074598786,3282828552.72
2019-07-19,2976.61,43.79244332663987,1383015562.49
2019-07-22,2985.02,42.454347723193095,1771523942.15
2019-07-23,3005.47,41.86819719972891,2820676279.24
2019-07-24,3019.56,40.697253724390855,3468012100.89
2019-07-25,3003.67,44.07352782790205,2968165793.66
2019-07-26,3025.86,43.07975150135486,2879676877.87
2019-07-29,3020.97,39.3661142746885,2448648425.13
2019-07-30,3013.18,41.46554604089316,2242310116.13
2019-07-31,2980.36,42.72949768750567,1014922967.4
2019-08-01,2953.56,42.8041422373519,222745764.82
2019-08-02,2932.05,42.9891885086982,444632947.12
2019-08-05,2844.74,42.66611613218344,-1090684445.17
2019-08-06,2881.77,43.60415905484171,-234410228.53
2019-08-07,2883.98,44.79010939063987,-221865700.85
2019-08-08,2938.09,42.33423482067492,3156826139.81
2019-08-09,2918.65,44.0176213121026,1145370587.31
2019-08-12,2882.69,42.4509545361358,328898414.8821
2019-08-13,2926.32,41.53252156632191,895203143.9
2019-08-14,2840.6,45.33322257624816,-1227145326.79
2019-08-15,2847.6,42.08179954751673,-591406462.91
2019-08-16,2888.68,42.22141584113404,323774772.26
2019-08-19,2923.64,40.81949145015234,1257211506.35
2019-08-20,2900.51,43.47193852030942,629628005.52
2019-08-21,2924.43,41.19115170329312,1620355876.32
2019-08-22,2922.95,42.55389004630603,1253027264.97
2019-08-23,2847.11,46.88711169177216,-252362535.645
2019-08-26,2878.38,41.86234405259466,156623383.0452
2019-08-27,2869.16,42.33502800538463,-70147682.44
2019-08-28,2887.94,42.04428945252792,-278980261.67
2019-08-29,2924.58,41.304341296725,2744423694.5
2019-08-30,2926.46,44.08914300972,1673083468.99
2019-09-03,2906.27,44.10088349751432,655098872.0522
2019-09-04,2937.78,40.38854401741814,1607852089.8838
2019-09-05,2976.0,40.87151574887976,5789727023.7489
2019-09-06,2978.71,41.58855487577382,2963183464.97
2019-09-09,2978.43,42.04562970888388,2738909582.18
2019-09-10,2979.39,41.99174403074446,2948241304.16
2019-09-11,3000.9,41.76090688947461,4264664219.45
2019-09-12,3009.57,42.326620333066536,6175559030.38
2019-09-13,3007.37,42.10920795110742,4760360938.725
2019-09-16,2997.96,43.068369568404805,3596891436.93
2019-09-17,3005.64,43.51173344407659,4604086110.13
2019-09-18,3006.73,45.0168685992697,4343912105.45
2019-09-19,3006.76,44.34615198902857,4314537265.5
2019-09-20,2991.98,45.70764786654824,1460973065.32
2019-09-23,2991.79,42.74788298841986,1159392730.165
2019-09-24,2966.61,41.8510146335926,311838845.98
2019-09-25,2984.86,40.16990512771384,446764901.715
2019-09-26,2977.62,40.57586980716817,953488275.095
2019-09-27,2961.79,41.73101388743005,1047297558.06
2019-09-30,2976.74,37.58225499161354,1546094551.455
2019-10-01,2940.25,39.51803346556286,752856808.06
2019-10-02,2887.62,40.64319167621819,-800325334.37
2019-10-03,2910.64,40.86137485746184,210501941.08
2019-10-04,2951.97,41.7775330700379,1414848353.03
2019-10-07,2938.79,40.742133641175485,1120509472.34
2019-10-08,2893.06,41.754064358859026,13074552.67
2019-10-09,2919.4,39.86111243828799,949703459.415
2019-10-10,2938.13,41.670447271197666,1312512622.72
2019-10-11,2970.27,40.29980428311062,2254375191.63
2019-10-14,2966.15,43.48970507509803,2250020696.455
2019-10-15,2995.68,43.38570144445334,4666622782.175
2019-10-16,2989.69,40.54182145997133,4370167753.48
2019-10-17,2997.95,43.20709440979089,4941474775.12
2019-10-18,2986.2,42.82498811249751,1448209579.075
2019-10-21,3006.73,41.18862620726413,2035226238.25
2019-10-22,2995.99,42.65524232418356,1810500602.96
2019-10-23,3004.52,41.63929070363341,2087765684.385
2019-10-24,3010.27,42.26789016424884,2693848934.945
2019-10-25,3022.51,46.28044642163383,2239490995.315
2019-10-28,3039.42,41.866540304518466,3277916673.93
2019-10-29,3036.88,42.72109325092106,2837080200.1648
2019-10-30,3046.77,44.18272523488115,3836179033.865
2019-10-31,3037.58,45.20653062123436,3944362020.29
2019-11-01,3066.91,43.40200312124866,3964008807.11
2019-11-04,3078.27,41.086746250708124,4837177236.43
2019-11-05,3074.62,41.19033301403679,4761056422.36
2019-11-06,3076.78,39.74066587201184,4329850318.33
2019-11-07,3085.18,40.0258443024283,4991959905.26
2019-11-08,3093.08,42.401917372107974,4766459239.22
2019-11-11,3087.01,43.501521942850744,4311833278.895
2019-11-12,3091.84,42.97529885975368,4689719886.6
2019-11-13,3094.04,44.23195355179562,4045997658.25
2019-11-14,3096.63,43.12089557380604,2749752101.04
2019-11-15,3120.46,43.67922691341847,2929398690.12
2019-11-18,3122.03,42.33704583602361,3329456027.34
2019-11-19,3120.18,42.23103013143314,3366308352.82
2019-11-20,3108.46,43.51327995715936,2652596440.78
2019-11-21,3103.54,43.13329199883525,2212434207.68
2019-11-22,3110.29,41.71312459463049,2485387820.37
2019-11-25,3133.64,38.15469851906938,4539121986.01
2019-11-26,3140.52,39.05299170061104,5855883490.655
2019-11-27,3153.63,39.51411544751019,8220194842.54
2019-11-29,3140.98,42.22843356811773,3675461360.14
2019-12-02,3113.87,40.60870145061044,2328338779.22
2019-12-03,3093.2,39.66289452366156,1567258574.77
2019-12-04,3112.76,39.931353146331446,3054096970.25
2019-12-05,3117.43,41.02758429189929,2517959778.15
2019-12-06,3145.91,41.647991094617446,4625510342.805
2019-12-09,3135.96,40.79919688518824,4070175819.92
2019-12-10,3132.52,41.3869936635151,3033918627.015
2019-12-11,3141.63,42.61271523915805,4094177057.485
2019-12-12,3168.57,43.29249171953816,6666654036.02
2019-12-13,3168.8,47.04284789735953,6194083045.225
2019-12-16,3191.45,41.280074876822134,8353045479.53
2019-12-17,3192.52,40.5531822505894,8662702294.0
2019-12-18,3191.14,41.87493966278222,7674543991.355
2019-12-19,3205.37,45.53406916296702,9993524947.24
2019-12-20,3221.22,46.60279602051975,4951714503.06
2019-12-23,3224.01,43.6724311595567,5444594719.63
2019-12-24,3223.38,47.84676278315613,5654027703.52
2019-12-26,3239.91,46.928232543487205,9473289627.0
2019-12-27,3240.02,43.33843305746878,5564261213.305
2019-12-30,3221.29,44.16383155018277,5178013685.98
2019-12-31,3230.78,43.39692482213235,4923714765.87
2020-01-02,3257.85,42.88030723229194,9617965181.28
2020-01-03,3234.85,44.01805385264468,4752556827.98
2020-01-06,3246.28,40.15431718010558,7562268989.015
2020-01-07,3237.18,40.09158621496494,7554882609.715
2020-01-08,3253.05,38.78966244116067,9871354766.36
2020-01-09,3274.7,41.03265628419638,11566402277.785
2020-01-10,3265.35,42.83374899737292,10212821940.76
2020-01-13,3288.13,41.33727621783929,9050514635.285
2020-01-14,3283.15,41.61430374261313,8220541154.19
2020-01-15,3289.29,42.5518499392316,9009324948.695
2020-01-16,3316.81,42.67273718654227,8261237726.605
2020-01-17,3329.62,43.8130213272335,3694541951.17
2020-01-21,3320.79,43.17117299139604,4021473536.42
2020-01-22,3321.75,43.79383681245206,4089394998.53
2020-01-23,3325.54,43.28799609289327,4020590647.99
2020-01-24,3295.47,45.98446133644512,1956664193.75
2020-01-27,3243.63,42.40570085028368,637914290.715
2020-01-28,3276.24,43.64531415296924,1618532887.48
2020-01-29,3273.4,44.95009717244063,1747056326.255
2020-01-30,3283.66,43.70351163484886,2070348731.46
2020-01-31,3225.52,42.45688077397516,1546000851.2088
2020-02-03,3248.92,40.81356756099931,1886168623.79
2020-02-04,3297.59,38.92757757028774,3359119024.26
2020-02-05,3334.69,41.03631469306881,4067938357.195
2020-02-06,3345.78,41.85948728444519,5336330666.12
2020-02-07,3327.7,43.09279055121234,4120952063.89
2020-02-10,3352.1,40.99419814244324,5361523681.94
2020-02-11,3357.75,42.4073492040673,5722246613.725
2020-02-12,3379.45,40.89691952465333,7967208231.825
2020-02-13,3373.94,42.38629293252255,7211357199.895
2020-02-14,3380.14,43.218152942677726,5770086242.8
2020-02-18,3370.29,40.83744127893614,5660220154.705
2020-02-19,3386.12,41.688113079754466,6381535398.14
2020-02-20,3373.23,42.53121493672235,4437306750.29
2020-02-21,3337.68,42.09100953341571,1322774452.925
2020-02-24,3225.89,38.12108830345568,-773233389.695
2020-02-25,3128.27,39.38587099817335,-1631927245.395
2020-02-26,3116.43,39.889018508535166,-1624169660.48
2020-02-27,2978.56,36.18779294356905,-2958422908.85
2020-02-28,2954.21,38.04133117028765,-1423445495.335
2020-03-02,3090.26,44.849572715288076,-132090238.964
2020-03-03,3003.37,45.69051671550912,-1094764736.135
2020-03-04,3130.12,42.0300313955553,1292494130.465
2020-03-05,3024.08,44.25328495207397,-992248105.7
2020-03-06,2972.4,45.2161801137124,-1026984872.86
2020-03-09,2746.52,41.64649367778293,-1664364382.5271
2020-03-10,2882.24,41.82497640665764,-1000251181.05
2020-03-11,2741.38,43.941468892179294,-1628876725.0996
2020-03-12,2480.64,37.75964436331328,-2170934233.25
2020-03-13,2710.94,39.093584937695894,-1540240423.73
2020-03-16,2386.13,37.25371608942804,-1758235173.66
2020-03-17,2529.09,35.24576556460001,-1153920356.04
2020-03-18,2398.42,35.42091603710403,-231405936.04
2020-03-19,2409.53,35.333464759130926,-1009988451.14
2020-03-20,2304.88,41.14038472144248,-641778574.9
2020-03-23,2237.4,36.657119965794585,-67803558.89
2020-03-24,2447.33,40.22078447187233,600219982.04
2020-03-25,2475.56,46.11852249864139,-157646663.16
2020-03-26,2630.07,48.09410635531237,1106729624.63
2020-03-27,2541.47,48.2825712625796,-289385495.09
2020-03-30,2626.65,47.27400191733635,98620248.765
2020-03-31,2584.59,49.741657983782275,-148210827.385
2020-04-01,2470.5,51.140108308801004,-772849977.51
2020-04-02,2526.9,48.52214659749498,-507398426.73
2020-04-03,2488.65,50.64751559582123,-463079691.085
2020-04-06,2663.68,44.66981133829928,1555164529.5
2020-04-07,2659.41,48.21102904797565,1533925065.67
2020-04-08,2749.98,50.11144447015412,3331832669.22
2020-04-09,2789.82,48.85742217850174,2608412646.265
2020-04-13,2761.63,49.39596630089279,3422977566.7
2020-04-14,2846.06,47.7697023227711,5900187805.415
2020-04-15,2783.36,51.151206880537245,5008143202.52
2020-04-16,2799.55,50.47362316697889,6412033863.95
2020-04-17,2874.56,46.36443436908711,1907158483.97
2020-04-20,2823.16,44.904655473337144,2399843521.8
2020-04-21,2736.56,46.82908603841251,715645747.945
2020-04-22,2799.31,45.71858073227632,1825912217.415
2020-04-23,2797.8,45.16551070063476,2109103844.76
2020-04-24,2836.74,43.97585510685881,1264910712.435
2020-04-27,2878.48,43.21319357552623,1284877773.77
2020-04-28,2863.39,44.09439860377155,931551338.59
2020-04-29,2939.51,44.50376971365347,2502561142.13
2020-04-30,2912.43,45.77286945699581,3331688945.69
2020-05-01,2830.71,48.30671741057962,721282137.78
2020-05-04,2842.74,46.31966645770912,1434455810.55
2020-05-05,2868.44,45.45980040762348,1599407222.935
2020-05-06,2848.42,47.34736874403063,2848289581.415
2020-05-07,2881.19,45.72907287911437,5535217748.34
2020-05-08,2929.8,44.08165052079361,3754598011.47
2020-05-11,2930.19,47.50913889918409,3694572513.335
2020-05-12,2870.12,46.57800253082059,3171271930.785
2020-05-13,2820.0,46.69847266839647,1692331800.19
2020-05-14,2852.5,48.18504403930524,2008374901.54
2020-05-15,2863.7,48.35238977265574,951835268.415
2020-05-18,2953.91,43.26065214965414,1898068853.575
2020-05-19,2922.94,47.68075367596875,2187327786.005
2020-05-20,2971.61,46.27614933263538,3914361758.755
2020-05-21,2948.51,49.40475341956746,2240088610.32
2020-05-22,2955.45,51.17154107338426,1639866651.81
2020-05-26,2991.77,47.137561565366596,1843470207.025
2020-05-27,3036.13,47.70791751680188,2008928444.285
2020-05-28,3029.73,49.148466413572514,2084873831.765
2020-05-29,3044.31,52.26032380975572,2565182967.815
2020-06-01,3055.73,47.05291778236007,3294277294.46
2020-06-02,3080.82,48.0475161888612,3882599622.2
2020-06-03,3122.87,44.11426820104583,4130602363.45
2020-06-04,3112.35,47.62781262367834,3293310852.065
2020-06-05,3193.93,45.20950311857746,4239083647.16
2020-06-08,3232.39,46.15162289822192,5719836995.195
2020-06-09,3207.18,47.33344269609336,8317776232.565
2020-06-10,3190.14,46.68813309845077,9662665164.955
2020-06-11,3002.1,47.72346592205643,2607526818.135
2020-06-12,3041.31,49.7032720319472,5515247892.045
2020-06-15,3066.59,49.62113377024106,5224988328.58
2020-06-16,3124.74,48.334573948545575,6307848460.515
2020-06-17,3113.49,50.0161257391378,7569718916.155
2020-06-18,3115.34,51.25736927102571,6015265525.47
2020-06-19,3097.99,52.53973432110831,2194659186.315
2020-06-22,3117.86,46.91894963185868,2961974574.115
2020-06-23,3131.29,48.15507168529208,4442163715.345
2020-06-24,3050.33,48.199270759958615,2403953469.69
2020-06-25,3083.76,45.60353400649867,3740909267.825
2020-06-26,3009.05,45.79690863264387,626711354.47
2020-06-29,3053.24,45.73019377956607,1327171925.795
2020-06-30,3100.29,44.71830362175402,4122973164.39
2020-07-01,3115.86,43.63393346582023,8066028171.65
2020-07-02,3130.01,46.02839293692657,3223157667.6975
2020-07-06,3179.72,44.41070032748373,7165222951.5979
2020-07-07,3145.32,45.092677318855976,4795915205.5448
2020-07-08,3169.94,47.24208272866914,7934563427.67
2020-07-09,3152.05,46.79517728397745,10100799362.91
2020-07-10,3185.04,44.293366915947416,5251920785.42
2020-07-13,3155.22,44.19334432333477,7831814423.35
2020-07-14,3197.52,40.99608308228492,6706999452.5472
2020-07-15,3226.56,44.6398945381131,6208912032.7277
2020-07-16,3215.57,45.212034211748694,6771658646.3301
2020-07-17,3224.73,45.81567200827884,2257721540.479
2020-07-20,3251.84,43.43320313422064,3151371150.94
2020-07-21,3257.3,42.50497319786993,4071387610.375
2020-07-22,3276.02,44.06967088496384,4338628563.47
2020-07-23,3235.66,44.31374209797072,1625972274.1
2020-07-24,3215.63,42.93172206455138,1281189858.7
2020-07-27,3239.41,43.29753000463422,2003080144.788
2020-07-28,3218.44,42.06399792447795,2382701642.64
2020-07-29,3258.44,45.41818917551838,2233463152.785
2020-07-30,3246.22,45.209490018089085,2131084168.25
2020-07-31,3271.12,45.44956315306523,2520246114.505
2020-08-03,3294.62,46.64776728692386,2869983618.76
2020-08-04,3306.51,46.02789505093744,3419239303.505
2020-08-05,3327.77,46.26513615345074,5282767564.74
2020-08-06,3349.16,47.32734397669463,7228713223.545
2020-08-07,3351.28,43.41085712273926,2835553301.955
2020-08-10,3360.47,40.75750816605606,3229669386.765
2020-08-11,3333.69,39.76864083287127,2675466205.06
2020-08-12,3380.35,40.77092750103803,5435407016.51
2020-08-13,3373.43,42.77637975907981,5602298616.9
2020-08-14,3372.85,42.9964672295049,5235179076.49
2020-08-17,3381.99,39.81889698446423,7143665838.33
2020-08-18,3389.78,39.257624655830845,13497596578.59
2020-08-19,3374.85,41.69791389026597,8370115336.845
2020-08-20,3385.51,42.21013869134167,10050121360.475
2020-08-21,3397.16,41.98651643009273,3109556133.045
2020-08-24,3431.28,39.7553503630469,4094179524.815
2020-08-25,3443.62,39.44052059324803,7505133167.625
2020-08-26,3478.73,38.19338817825617,11270844825.18
2020-08-27,3484.55,39.8853649343223,8824780467.27
2020-08-28,3508.01,41.0140010989953,4263904048.555
2020-08-31,3500.31,38.53379353301456,4109427220.395
2020-09-01,3526.65,38.69059147710363,7715762991.605
2020-09-02,3580.84,36.90999380023941,9877306251.22
2020-09-03,3455.06,35.49698409370823,2845165509.255
2020-09-04,3426.96,35.98175525493011,1920532148.19
2020-09-08,3331.84,39.70766078291902,585842457.16
2020-09-09,3398.96,39.36255388719963,2629031019.705
2020-09-10,3339.19,42.61498067117699,828075896.505
2020-09-11,3340.97,42.054670983174915,1970983598.675
2020-09-14,3383.54,42.65500487463264,4690390788.465
2020-09-15,3401.2,42.05305189025413,3699068903.825
2020-09-16,3385.49,40.89217962184989,2436980041.135
2020-09-17,3357.01,43.84376765128684,-1128367929.05
2020-09-18,3319.47,44.19446216744032,189695161.11
2020-09-21,3281.06,42.73331279367117,-281008442.575
2020-09-22,3315.57,41.713511803147505,5709698508.335
2020-09-23,3236.92,42.69790635700576,369771626.41
2020-09-24,3246.59,42.94979682960529,900508517.645
2020-09-25,3298.46,42.19780995990502,1152474010.215
2020-09-28,3351.6,40.26469269581197,4517899794.35
2020-09-29,3335.48,40.170222123023656,4010212137.2
2020-09-30,3363.0,40.85287525815337,5557840248.41
2020-10-01,3380.8,43.16161878542368,6239146650.05
2020-10-02,3348.44,44.73773229910414,921593487.33
2020-10-05,3408.62,39.50187407932165,3270910015.35
2020-10-06,3360.95,43.06080895244397,1638545345.885
2020-10-07,3419.44,40.50032645094082,5088863990.655
2020-10-08,3446.83,40.65638393431607,5698565178.63
2020-10-09,3477.13,39.67851510102562,8490294012.0
2020-10-12,3534.22,36.6112294061427,11402665926.06
2020-10-13,3511.93,40.5843856613107,15345566294.285
2020-10-14,3488.67,38.78597071448197,9657031320.765
2020-10-15,3483.34,38.89028089863526,10450888042.285
2020-10-16,3483.81,41.14023968450127,3113195433.03
2020-10-19,3426.92,40.4272163652245,1779103505.77
2020-10-20,3443.12,41.06817925067524,1919650383.375
2020-10-21,3435.55,39.90352107456382,2532500561.955
2020-10-22,3453.49,40.46906726544932,1919485629.15
2020-10-23,3465.39,40.8917404723678,2051710146.975
2020-10-26,3400.97,40.29496664752715,1252594353.345
2020-10-27,3390.68,41.04209202204731,1772712889.76
2020-10-28,3271.03,40.26973168980006,-1257767671.97
2020-10-29,3310.11,41.85464773009897,238673808.8
2020-10-30,3269.96,43.569565316984246,-78315991.44
2020-11-02,3310.24,40.09214426588313,-180393838.71
2020-11-03,3369.16,41.10494062060992,1148540385.69
2020-11-04,3443.43,39.538233325733266,7031418413.0
2020-11-05,3510.45,42.34849832239805,10299618466.89
2020-11-06,3509.44,41.69414313646344,4715264679.745
2020-11-09,3550.5,37.91776334977754,3868072512.47
2020-11-10,3545.53,39.92407224440306,2876030927.365
2020-11-11,3572.66,39.852879183355924,5991548647.285
2020-11-12,3537.01,44.91547659584971,4706756829.145
2020-11-13,3585.15,43.106117454008555,6032392988.78
2020-11-16,3626.91,41.497087895980926,5568672439.8
2020-11-17,3609.53,44.05555178910563,5804661986.965
2020-11-18,3567.8,41.69990300039852,3498178742.84
2020-11-19,3581.85,43.85973044493057,5497968394.225
2020-11-20,3557.54,43.80848897855693,2325158176.47
2020-11-23,3577.59,38.87843210285704,2918269606.43
2020-11-24,3635.41,38.09157738969141,5403454168.24
2020-11-25,3629.65,41.31739874241785,9343961755.4
2020-11-27,3638.35,41.49771590007137,3668362083.55
2020-11-30,3621.63,40.17896374936631,3615189588.58
2020-12-01,3662.45,36.660820311273916,6489658542.445
2020-12-02,3669.01,41.253512105784466,7234392510.15
2020-12-03,3666.72,40.24223331459156,7150499861.71
2020-12-04,3699.12,40.39764181075391,4429232864.88
2020-12-07,3691.94,41.61356283694833,5364166169.375
2020-12-08,3702.25,41.62846983055797,6445187580.545
2020-12-09,3672.48,43.723483595648034,3904181425.35
2020-12-10,3668.08,43.101905750782535,3592753045.805
2020-12-11,3663.45,47.27772032241087,4490477858.84
2020-12-14,3647.49,43.671592843029686,5001079403.52
2020-12-15,3694.62,42.79810412782507,7015978260.965
2020-12-16,3701.17,43.773734439712804,17442058897.475
2020-12-17,3722.42,44.44728640226526,10162605389.61
2020-12-18,3709.76,45.05207138830363,4436633609.885
2020-12-21,3694.92,44.918166875200214,5570621455.1
2020-12-22,3687.27,46.51098701045625,5892000510.45
2020-12-23,3689.98,45.10741615116445,5069183691.275
2020-12-24,3703.06,44.117297411320585,3491944084.88
2020-12-28,3735.36,40.90533970141697,8650760937.925
2020-12-29,3727.04,41.76826758531842,14474206262.475
2020-12-30,3732.04,44.20295575400605,11540661765.27
2020-12-31,3756.07,45.65082603652914,4349151400.29
2021-01-04,3700.65,46.55627224364879,2933810591.375
2021-01-05,3726.86,44.616898234056215,5428029874.135
2021-01-06,3748.14,44.168811949943546,4897741234.61
2021-01-07,3803.79,45.01758337837029,8930472210.25
2021-01-08,3824.68,47.98055458469519,14017164015.64
2021-01-11,3799.61,45.456851974547305,22474810521.98
2021-01-12,3801.19,46.31804475389043,6324750632.455
2021-01-13,3809.84,43.91499816906072,13519394705.035
2021-01-14,3795.54,44.02689492659998,5896350522.335
2021-01-15,3768.25,41.65223841914462,1080777173.89
2021-01-19,3798.91,39.66866945317829,3142342935.995
2021-01-20,3851.85,40.87205438744565,14161901378.69
2021-01-21,3853.07,41.1097710134375,15662355773.49
2021-01-22,3841.47,41.547021699049154,5280898768.9
2021-01-25,3855.36,40.26191187874385,5934458912.635
2021-01-26,3849.62,40.523971016391954,8511854543.465
2021-01-27,3750.77,36.5412190305777,1420076056.605
2021-01-28,3787.38,40.8175214361562,4349938845.58
2021-01-29,3714.24,41.701761476359565,104559707.555
2021-02-01,3773.77,40.99243994927649,4569465209.7
2021-02-02,3826.31,38.37516974582879,5976740319.905
2021-02-03,3830.17,38.08141636270714,7623955691.88
2021-02-04,3871.74,38.061033246630885,7510935055.04
2021-02-05,3886.83,38.23645390902688,4121386179.365
2021-02-08,3915.59,38.76157751521385,5729262627.86
2021-02-09,3911.24,36.479067817479525,6329669098.295
2021-02-10,3909.88,40.55309518811935,4665452351.94
2021-02-11,3916.38,41.428576859870994,5250019481.715
2021-02-12,3934.83,44.47605202155099,13412625514.235
2021-02-16,3932.59,40.81361235507849,12389004012.05
2021-02-17,3931.33,39.71147085173478,10640215302.68
2021-02-18,3913.97,42.357394757401316,10758085126.21
2021-02-19,3906.71,41.426464196616756,1432866575.86
2021-02-22,3876.49,38.46873378158945,84644662.8
2021-02-23,3881.36,37.08953863605618,249909119.89
2021-02-24,3925.43,39.650692974805466,331152215.69
2021-02-25,3829.34,42.00067458323636,-2615732366.34
2021-02-26,3811.15,41.59195218802622,72996562.66
2021-03-01,3901.81,39.4959867630793,2570605295.54
2021-03-02,3870.29,39.74546018787935,709349327.88
2021-03-03,3819.72,40.41270806255461,-1189763828.035
2021-03-04,3768.47,40.38654846781006,-4255747479.39
2021-03-05,3841.94,39.47125491030975,1088733698.23
2021-03-08,3821.29,38.89144803593895,355126515.14
2021-03-09,3875.44,42.28940071670222,3559788830.125
2021-03-10,3898.77,44.74565708143866,3751456092.12
2021-03-11,3939.34,43.78672053404048,7759883804.97
2021-03-12,3943.34,44.33260429176743,6676473248.88
2021-03-15,3968.94,41.43219919461456,6363289432.175
2021-03-16,3962.71,40.672797047658534,6438768426.51
2021-03-17,3974.12,42.58543834299509,10792991684.58
2021-03-18,3915.46,44.72050239117022,1386685223.845
2021-03-19,3913.1,46.99511750330993,1144755957.995
2021-03-22,3940.59,40.01282879069113,2899985041.41
2021-03-23,3910.52,40.74363448475149,2889613523.39
2021-03-24,3889.14,43.47250872837185,-97228530.47
2021-03-25,3909.52,43.82182544970515,-779267229.09
2021-03-26,3974.54,43.56906928585542,1805320053.29
2021-03-29,3971.1,41.15961584240158,2592391532.405
2021-03-30,3958.55,41.54013300252681,2627291885.9
2021-03-31,3972.89,44.2057708288362,7823646829.12
2021-04-01,4019.87,40.69966981380216,5857682262.57
2021-04-05,4077.91,41.206350316127235,10520577305.67
2021-04-06,4073.94,41.202087113601685,11522017291.84
2021-04-07,4079.95,40.967268310040176,13382781760.48
2021-04-08,4097.17,43.9302853615594,23633529559.57
2021-04-09,4128.8,44.31099301847492,22995942965.025
2021-04-12,4127.99,40.70773404218757,24218668212.87
2021-04-13,4141.59,42.45028850124445,21189337116.555
2021-04-14,4124.66,42.56565571508073,16223062386.76
2021-04-15,4170.42,43.29183043816635,15439854174.89
2021-04-16,4185.47,42.234839443416675,7343807353.8
2021-04-19,4163.26,40.93097100504328,4529045434.48
2021-04-20,4134.94,41.08749356058148,4573888780.54
2021-04-21,4173.42,43.59921030239911,7080704883.205
2021-04-22,4134.98,42.22798135119361,4462044368.175
2021-04-23,4180.17,42.87976887214682,3492813343.76
2021-04-26,4187.62,42.32730742771827,4863652335.665
2021-04-27,4186.72,43.25786145639929,5571549852.905
2021-04-28,4183.18,42.95906211160247,8496825793.315
2021-04-29,4211.47,42.76566019426754,12660438711.375
2021-04-30,4181.17,42.67605185762106,4311255759.54
2021-05-03,4192.66,43.85442000522013,3692946565.195
2021-05-04,4164.66,40.6691255682405,2063402283.785
2021-05-05,4167.59,40.6959297227831,1375233047.77
2021-05-06,4201.62,43.7333217961957,6361758065.13
2021-05-07,4232.6,42.32979281262118,3613599670.325
2021-05-10,4188.43,40.96617335842976,2172247871.7
2021-05-11,4152.1,37.71009982799587,1059855547.6
2021-05-12,4063.04,42.831184757115096,-1306286223.515
2021-05-13,4112.5,39.59075885718239,-1761338908.21
2021-05-14,4173.850098,42.586069867245044,7218890129.58
2021-05-17,4163.290039,43.323538429950034,5984868978.255
2021-05-18,4127.830078,41.93896093596625,5427986458.295
2021-05-19,4115.680176,44.45952758234253,4283887238.36
2021-05-20,4159.120117,43.19501421843,6943954468.34
2021-05-21,4155.859863,44.39890459150364,927838613.86
2021-05-24,4197.049805,41.19656634334254,4144371903.72
2021-05-25,4188.129883,43.634347975054226,4761099408.95
2021-05-26,4195.990234,42.583942477183214,5909801988.81
2021-05-27,4200.879883,42.32255128003583,3778201802.25
2021-05-28,4204.109863,41.0119038111816,2994737780.07
2021-06-01,4202.040039,41.84248522486599,3473156271.73
2021-06-02,4208.120117,42.8626908591428,4142372168.85
2021-06-03,4192.850098,40.93282724980299,723554093.26
2021-06-04,4229.890137,43.56279200014816,2749221583.75
2021-06-07,4226.52002,45.28202135824101,6382166379.35
2021-06-08,4227.259766,43.48310821286926,6684619034.05
2021-06-09,4219.549805,44.34164013210893,7411798495.66
2021-06-10,4239.180176,42.49963701772216,14222065213.55
2021-06-11,4247.439941,42.022143265867015,12444445188.56
2021-06-14,4255.149902,43.3898029204131,13822328582.85
2021-06-15,4246.589844,43.22428612968664,14868150865.17
2021-06-16,4223.700195,44.57731014003457,16162825911.65
2021-06-17,4221.859863,45.35551893617876,19555211812.83
2021-06-18,4166.450195,46.456273092746656,3011714346.64
2021-06-21,4224.790039,41.93206597702649,4156428235.77
2021-06-22,4246.439941,42.18615723266891,7256119526.58
2021-06-23,4241.839844,43.100079940697825,8971871377.97
2021-06-24,4266.490234,39.69833247238242,8606613070.15
2021-06-25,4280.700195,42.38908142914095,3757348019.24
2021-06-28,4290.609863,41.691240476225936,11777060174.32
2021-06-29,4291.799805,41.01825589109703,6450709613.24
2021-06-30,4297.5,40.922544970007976,7786851176.52
2021-07-01,4319.939941,42.33233549165893,9713480888.99
2021-07-02,4352.339844,42.63065891238251,8802031881.65
2021-07-06,4343.540039,44.94399522509937,13550067605.2
2021-07-07,4358.129883,46.9890942657958,15767277354.03
2021-07-08,4320.819824,43.96126731712657,21638186950.32
2021-07-09,4369.55,45.91317231747742,14064261154.51
2021-07-12,4384.629883,44.72468223869815,21980567522.19
2021-07-13,4369.209961,46.81178935620991,16283247878.31
2021-07-14,4374.299805,46.84579188757749,13207386454.84
2021-07-15,4360.029785,44.39776177943404,8977493073.29
2021-07-16,4327.160156,46.32855927591586,4110633637.21
2021-07-19,4258.490234,42.650893734223885,1109702504.09
2021-07-20,4323.060059,44.07780986998683,4419864297.39
2021-07-21,4358.689941,44.29841932486178,4992659380.07
2021-07-22,4367.47998,44.87098337915939,11324202448.64
2021-07-23,4411.790039,42.23104945119056,3975962943.64
2021-07-26,4422.299805,40.89724311329041,6070990493.2
2021-07-27,4401.459961,42.30596418675487,3346037297.64
2021-07-28,4400.640137,44.35008421003932,5633208348.33
2021-07-29,4419.149902,42.190469708374536,6177326865.88
2021-07-30,4395.259766,44.15151761473451,2996654586.44
2021-08-02,4387.160156,41.85896889847497,2131192081.8
2021-08-03,4423.149902,42.50541170600391,4483257446.74
2021-08-04,4402.660156,43.783173241782656,4446237647.61
2021-08-05,4429.100098,42.56259065817939,8574465232.04
2021-08-06,4436.52002,43.99321546789184,3826344850.47
2021-08-09,4432.350098,45.12734740546008,275918381.67
2021-08-10,4436.75,42.80418994348373,4963943638.24
2021-08-11,4447.700195,42.16760843868489,4465499891.71
2021-08-12,4460.830078,42.12097552252622,4693167132.0
2021-08-13,4468.0,41.14017920216073,7931442975.08
2021-08-16,4479.709961,43.43535761020886,6589462624.58
2021-08-17,4448.080078,44.57664643825161,3238500555.47
2021-08-18,4400.27002,43.11681870538025,2285184486.31
2021-08-19,4405.799805,43.49620618676432,1668805359.37
2021-08-20,4441.669922,45.48896479576169,2624107334.41
2021-08-23,4479.529785,42.155617345877,6309056857.53
2021-08-24,4486.22998,40.52145930564616,8424335450.53
2021-08-25,4496.189941,40.38620365124237,8565102833.21
2021-08-26,4470.0,40.321645867355436,11573695996.83
2021-08-27,4509.370117,37.31492168142191,5413071000.09
2021-08-30,4528.790039,41.41446393273965,11834437308.69
2021-08-31,4522.680176,39.657286058169774,11756780783.38
2021-09-01,4524.089844,40.89223413613394,12735999715.72
2021-09-02,4536.950195,38.04063795568746,7892136745.815
2021-09-03,4535.430176,40.38154449489859,6117722665.87
2021-09-07,4520.029785,42.730017664376454,9651086359.55
2021-09-08,4514.069824,42.75330552996268,12085852209.34
2021-09-09,4493.279785,41.65534081096624,10850515444.24
2021-09-10,4458.580078,42.94476437248435,8575533932.63
2021-09-13,4468.72998,42.03485043890032,10883477322.67
2021-09-14,4443.049805,42.16607050358158,8337274918.42
2021-09-15,4480.700195,40.01816574768229,10748988307.13
2021-09-16,4473.75,43.10102684591619,9698338486.44
2021-09-17,4432.990234,47.54490910768471,2430915197.6
2021-09-20,4357.72998,41.672941637269304,-515450012.5
2021-09-21,4354.189941,40.48511960635052,-88955906.31
2021-09-22,4395.640137,40.28899510994478,2325637071.0
2021-09-23,4448.97998,39.910823838046774,9907492226.81
2021-09-24,4455.47998,44.57322032703997,3144507749.9
2021-09-27,4443.109863,42.60740898424005,5455996178.23
2021-09-28,4352.629883,43.150612308263256,-1122505161.53
2021-09-29,4359.459961,43.34887244130263,-847746794.04
2021-09-30,4307.540039,44.3721548980112,-5626981781.86
2021-10-01,4357.040039,43.69238216604568,1282313860.4
2021-10-04,4300.459961,42.60111335971954,-673990483.35
2021-10-05,4345.720215,43.066389499247535,2325347082.15
2021-10-06,4363.549805,44.24341633726122,3688297737.12
2021-10-07,4399.759766,43.02946680969285,10695103432.54
2021-10-08,4391.339844,44.28550303921984,4519830824.38
2021-10-11,4361.189941,44.947350108790815,2945420885.82
2021-10-12,4350.649902,44.81380499169705,1767145789.86
2021-10-13,4363.799805,45.49956428092069,5013612571.12
2021-10-14,4438.259766,45.43257484080836,12703611616.14
2021-10-15,4471.370117,44.68766552209661,7345856711.25
2021-10-18,4486.459961,41.85797994502899,15381443262.81
2021-10-19,4519.629883,44.237164585458935,11652917492.65
2021-10-20,4536.189941,42.06912851204971,11992683769.74
2021-10-21,4549.779785,40.95319619949768,13578109706.19
2021-10-22,4544.899902,44.02161709218276,4023389921.09
2021-10-25,4566.47998,41.7529058869686,5865738538.28
2021-10-26,4574.790039,41.94870738606946,6903663055.25
2021-10-27,4551.680176,44.1287567252049,10052715141.29
2021-10-28,4596.419922,43.791879550970805,11695732285.1
2021-10-29,4605.379883,44.06062419649334,6286503122.08
2021-11-01,4613.669922,45.14841522407145,5859154783.09
2021-11-02,4630.649902,45.971273215094435,6378732344.55
2021-11-03,4660.569824,47.20991703266545,13181731458.17
2021-11-04,4680.060059,46.46994001907616,18650772195.11
2021-11-05,4697.529785,44.41306856683412,9833987161.81
2021-11-08,4701.700195,44.86819382219017,9968863176.85
2021-11-09,4685.25,44.13167578555236,14111394595.54
2021-11-10,4646.709961,44.23471865108126,6491275289.5
2021-11-11,4649.27002,46.273640663588125,11335745505.24
2021-11-12,4682.850098,43.231288535411736,16097389192.94
2021-11-15,4682.799805,43.68794812097472,17361272999.17
2021-11-16,4700.899902,42.39096072423048,15188398771.24
2021-11-17,4688.669922,42.55288805332947,16479408238.12
2021-11-18,4704.540039,41.43920464526874,23464318776.78
2021-11-19,4697.959961,44.34456493405571,6166599259.97
2021-11-22,4682.939941,41.85048625143117,5138825573.88
2021-11-23,4690.700195,42.677687985261656,4537303163.05
2021-11-24,4701.459961,44.208237947864795,2775244522.72
2021-11-26,4594.620117,46.3402641265665,615070535.42
2021-11-29,4655.27002,42.633880611075256,3701057825.22
2021-11-30,4567.0,44.90475874023639,516976966.58
2021-12-01,4513.040039,44.19241889855411,-1015727979.11
2021-12-02,4577.1,43.56936883061164,-2423610802.03
2021-12-03,4538.430176,44.59077545176418,-1277000975.77
2021-12-06,4591.669922,44.44940473691861,598889337.73
2021-12-07,4686.75,44.49531791097938,9317764203.03
2021-12-08,4701.209961,45.82344717378404,13398192424.62
2021-12-09,4667.450195,47.10949812264985,9477705979.4
2021-12-10,4712.02002,46.71186805465633,9983496995.58
2021-12-13,4668.970215,47.01368493700001,6960414036.04
2021-12-14,4634.089844,45.8814025039899,4577148484.67
2021-12-15,4709.850098,46.53860674065516,12373200395.11
2021-12-16,4668.669922,47.20123535813348,4368410277.47
2021-12-17,4620.640137,45.735656084781176,1098354660.09
2021-12-20,4568.02002,41.66394572459271,331234190.68
2021-12-21,4649.22998,44.67123030187387,4927778278.86
2021-12-22,4696.560059,43.5220526964804,14794687722.07
2021-12-23,4725.790039,43.661384250939086,7235349038.55
2021-12-27,4791.189941,45.062968488423074,7784043207.36
2021-12-28,4786.350098,42.180262661476796,9198138380.32
2021-12-29,4793.060059,43.46541172889316,7065383461.37
2021-12-30,4778.72998,40.52860402732798,8238695757.83
2021-12-31,4766.180176,44.08385841692358,3338435885.86
2022-01-03,4796.560059,42.56954693456193,7580233074.15
2022-01-04,4793.540039,43.13662812762217,5028022970.29
2022-01-05,4700.580078,42.28831161984276,-50455727.15
2022-01-06,4696.049805,41.72671859829597,-2323040772.63
2022-01-07,4677.029785,42.94333359992178,452211857.53
2022-01-10,4670.290039,41.79765122143289,483338318.23
2022-01-11,4713.069824,43.276538734183276,5128605733.42
2022-01-12,4726.350098,44.98473771550625,7387201008.9
2022-01-13,4659.029785,44.32440847387186,3349598945.66
2022-01-14,4662.850098,42.4451477339394,8103152386.75
2022-01-18,4577.109863,45.50967439224503,3024987909.02
2022-01-19,4532.759766,45.14661820465486,-568341859.1
2022-01-20,4482.72998,43.54307461332695,-7496822660.71
2022-01-21,4397.939941,43.22009182063372,-1772597843.72
2022-01-24,4410.129883,37.20455521901057,-1653661644.65
2022-01-25,4356.450195,47.039168106630044,-2405353500.46
2022-01-26,4349.930176,51.40296469398529,-2195632576.32
2022-01-27,4326.509766,49.60077181306831,-1578080006.9
2022-01-28,4431.850098,46.47574837452302,-85454135.58
2022-01-31,4515.549805,50.837877692718415,3089160807.42
2022-02-01,4546.540039,50.9548553069884,2674471325.89
2022-02-02,4589.379883,48.3121002757322,7730074046.62
2022-02-03,4477.439941,47.87889466768222,2957158269.99
2022-02-04,4500.529785,48.83861043697994,2970392085.98
2022-02-07,4483.870117,46.28097329533692,1220200355.33
2022-02-08,4521.540039,48.75801902232197,3123330275.7045
2022-02-09,4587.180176,50.28308149072428,6184981514.96
2022-02-10,4504.080078,54.10693475800269,2544163934.49
2022-02-11,4418.640137,51.121875769362454,628675909.92
2022-02-14,4401.669922,50.94728786880304,1250192164.5
2022-02-15,4471.069824,50.25017966998709,3251691399.97
2022-02-16,4475.009766,50.131810035669545,4833309246.81
2022-02-17,4380.259766,48.98564913914044,-821183097.31
2022-02-18,4348.870117,50.091664948461776,-533679223.17
2022-02-22,4304.759766,44.249836528792194,-1625054552.69
2022-02-23,4225.5,48.83231591864598,-2220759162.12
2022-02-24,4288.700195,44.83568411285369,378968071.39
2022-02-25,4384.649902,49.160101461985825,1776066413.09
2022-02-28,4373.939941,52.28270697271643,1712560976.79
2022-03-01,4306.259766,50.52238876127334,708443963.93
2022-03-02,4386.540039,48.11445428665474,2421498537.71
2022-03-03,4363.490234,47.844802758562075,1006702014.5
2022-03-04,4328.870117,48.59956376480791,-650053948.24
2022-03-07,4201.089844,42.14014092540264,-1462294426.57
2022-03-08,4170.700195,43.668912598270346,-1886069108.635
2022-03-09,4277.879883,46.94144357821445,1422701822.08
2022-03-10,4259.52002,49.72234543040841,2972561100.64
2022-03-11,4204.310059,51.660634869275455,-692503450.94
2022-03-14,4173.109863,48.07491901049326,-1832241576.09
2022-03-15,4262.450195,48.06548263788225,-45493422.69
2022-03-16,4357.859863,48.91805237403097,8190923166.6
2022-03-17,4411.669922,50.55661755327756,9427733113.76
2022-03-18,4463.120117,54.680169166556766,4564414960.55
2022-03-21,4461.180176,50.29687767159673,5205696539.73
2022-03-22,4511.609863,48.993026650584085,7678985456.51
2022-03-23,4456.240234,50.36081630767052,5998126383.99
2022-03-24,4520.160156,47.09981588027948,7694781048.57
2022-03-25,4543.060059,49.74489659155003,4652303632.1
2022-03-28,4575.52002,49.118770781084145,8319653923.62
2022-03-29,4631.600098,47.344244210288736,9140784923.03
2022-03-30,4602.450195,50.08462176166128,8005330614.83
2022-03-31,4530.410156,47.20401713418696,3976160043.38
2022-04-01,4545.859863,46.45076789438502,3582782197.39
2022-04-04,4582.640137,48.01264735659328,5945441880.37
2022-04-05,4525.120117,48.649057555977635,3591475431.52
2022-04-06,4481.149902,43.57465704499257,1373425175.5
2022-04-07,4500.209961,45.878383834516015,710491425.92
2022-04-08,4488.279785,44.54176644954991,4341863239.32
2022-04-11,4412.529785,43.4598632259499,-107470892.48
2022-04-12,4397.450195,45.12817202261313,-4365979912.22
2022-04-13,4446.589844,44.66885713973968,813715293.51
2022-04-14,4392.589844,47.28009937210105,389729826.46
2022-04-18,4391.689941,46.00272157248736,29363519.85
2022-04-19,4462.209961,45.333838437969945,3736731847.1
2022-04-20,4459.450195,44.7257554622623,1403102718.62
2022-04-21,4393.660156,42.44492622718093,23667370.38
2022-04-22,4271.779785,43.80450198373005,-707370661.08
2022-04-25,4296.120117,41.94350040954677,-337188402.5
2022-04-26,4175.200195,45.209377593419106,-1759144334.57
2022-04-27,4183.959961,43.45284198699164,-2141585988.43
2022-04-28,4287.5,45.205916695123385,-105030297.58
2022-04-29,4131.930176,46.35257408922454,-1174932280.81
2022-05-02,4155.379883,46.02533123747508,-925363915.06
2022-05-03,4175.47998,46.106409723324774,-348333228.91
2022-05-04,4300.169922,48.6519374721654,4503160837.97
2022-05-05,4146.870117,49.648538729459915,-1434460340.04
2022-05-06,4123.339844,47.08221949621741,-1017344605.79
2022-05-09,3991.23999,41.6092571494453,-1868208095.55
2022-05-10,4001.050049,44.01032121399379,-1986446947.49
2022-05-11,3935.179932,45.40096268136891,-2519691054.66
2022-05-12,3930.080078,41.899133606347725,-3429697353.99
2022-05-13,4023.889893,45.29515988834721,-1426612506.71
2022-05-16,4008.01001,52.01815291073775,-1135155035.94
2022-05-17,4088.850098,51.11652714097823,521341737.0
2022-05-18,3923.679932,49.75285169080962,-3157560491.09
2022-05-19,3900.790039,45.58133182267513,-3674619775.84
2022-05-20,3901.360107,48.43411666546648,-1408475626.91
2022-05-23,3973.75,46.99115014296484,-827734133.38
2022-05-24,3941.47998,49.10733666881201,-975215961.6
2022-05-25,3978.72998,47.171124301857695,-133835413.89
2022-05-26,4057.840088,49.23202564732615,3830138869.3
2022-05-27,4158.240234,52.94658316912268,3229619786.44
2022-05-31,4132.149902,52.817463900812044,3396672527.89
2022-06-01,4101.22998,52.26027525845165,2772951834.21
2022-06-02,4176.819824,50.283609006335396,8849277572.78
2022-06-03,4108.540039,55.111509533159776,1411442276.51
2022-06-06,4121.430176,52.4174420356468,889379135.34
2022-06-07,4160.680176,51.41049304796693,2723715124.52
2022-06-08,4115.77002,51.57375512811582,1724845025.73
2022-06-09,4017.820068,51.262668415438284,-1424303517.12
2022-06-10,3900.860107,50.819730007360285,-1323234349.385
2022-06-13,3749.629883,44.655702968244285,-3321834606.89
2022-06-14,3735.47998,43.69556006180874,-3167093025.18
2022-06-15,3789.98999,44.95462943948837,-1800132695.87
2022-06-16,3666.77002,47.51537842957742,-3841187936.155
2022-06-17,3674.840088,45.46242075357266,-1568342151.595
2022-06-21,3764.790039,43.33369922294159,-499821063.11
2022-06-22,3759.889893,46.16135306437134,-559388352.15
2022-06-23,3795.72998,46.85830361104376,-79153741.07
2022-06-24,3911.73999,44.18378637812561,1460679109.85
2022-06-27,3900.110107,48.87134424942297,633722962.61
2022-06-28,3821.550049,50.93057960882763,-818150122.43
2022-06-29,3818.830078,51.15201372928221,-1255958653.98
2022-06-30,3785.379883,54.16797817062462,-1672507660.94
2022-07-01,3825.330078,53.49502165454436,-656374768.39
2022-07-05,3831.389893,51.60234014396452,156356891.75
2022-07-06,3845.080078,49.719101254062096,1406709619.57
2022-07-07,3902.620117,48.0003947626228,4093317218.64
2022-07-08,3899.379883,50.35673053165335,2938311376.105
2022-07-11,3854.429932,53.21284974389261,1166415562.26
2022-07-12,3818.800049,49.516840872860094,212816155.2
2022-07-13,3801.780029,50.13109782735757,-110681093.28
2022-07-14,3790.379883,50.58429207355144,-518253362.58
2022-07-15,3863.159912,49.01037071628266,319856203.87
2022-07-18,3830.850098,48.09447752215689,103448416.49
2022-07-19,3936.689941,48.11622994897568,1592835036.32
2022-07-20,3959.899902,50.34664665792654,1871365589.775
2022-07-21,3998.949951,49.438106357083264,3892183355.13
2022-07-22,3961.629883,50.931184011458384,1381150820.92
2022-07-25,3966.840088,48.90939333904459,1352442344.05
2022-07-26,3921.050049,48.795040667434094,412291960.7
2022-07-27,4023.610107,49.77927386878746,2849955794.42
2022-07-28,4072.429932,49.78196256798137,3865075643.205
2022-07-29,4130.290039,49.5726485955894,3076203280.22
2022-08-01,4118.629883,50.8367109990687,3379506186.66
2022-08-02,4091.189941,46.78692242548647,3206674368.82
2022-08-03,4155.169922,47.704125442020775,4399301794.69
2022-08-04,4151.939941,47.82319091446017,4932052999.91
2022-08-05,4145.189941,46.36863422315515,2849414008.47
2022-08-08,4140.060059,45.81115432536443,2601958343.22
2022-08-09,4122.470215,47.22389696875936,2287916576.93
2022-08-10,4210.240234,46.36595399600898,4544799439.36
2022-08-11,4207.27002,48.412860872447176,4177880170.33
2022-08-12,4280.149902,46.36248934363894,5431317210.03
2022-08-15,4297.140137,50.1805490686663,5732429148.8
2022-08-16,4305.200195,48.50019923813635,5959615680.3
2022-08-17,4274.040039,47.6647595476505,5036662342.58
2022-08-18,4283.740234,47.739750890055646,4368900544.595
2022-08-19,4228.47998,49.43786172571389,1579932221.585
2022-08-22,4137.990234,47.347920719454365,-67089661.17
2022-08-23,4128.72998,49.49828359760536,155283483.485
2022-08-24,4140.77002,46.8925460303687,193732262.35
2022-08-25,4199.120117,48.102831127768,1577054148.57
2022-08-26,4057.659912,50.070121177305374,-679526616.0
2022-08-29,4030.610107,49.967362170981126,-956175525.045
2022-08-30,3986.159912,49.19867951067731,-1694939749.95
2022-08-31,3955.0,48.74764130594142,-2371772190.07
2022-09-01,3966.850098,44.80940054783411,-1731586007.75
2022-09-02,3924.26001,48.56697779974648,-1869356541.86
2022-09-06,3908.189941,46.39834638795471,-2050651652.36
2022-09-07,3979.870117,46.00743824203946,-527089230.605
2022-09-08,4006.179932,47.87984522046871,657394721.43
2022-09-09,4067.360107,46.9398394217988,866219879.54
2022-09-12,4110.410156,49.43562810139393,2177606575.16
2022-09-13,3932.689941,54.12107727909382,-1607218358.03
2022-09-14,3946.01001,51.967395920047146,-713170144.05
2022-09-15,3901.350098,50.40683151609301,-1420838510.89
2022-09-16,3873.330078,47.40867897429704,-922072085.03
2022-09-19,3899.889893,44.253516692901954,-512451352.77
2022-09-20,3855.929932,44.04097647838178,-788667910.685
2022-09-21,3789.929932,46.40897066432818,-1841117496.805
2022-09-22,3757.98999,45.44125531811988,-2522085485.78
2022-09-23,3693.22998,40.32584763644241,-1888874271.19
2022-09-26,3655.040039,40.84539166919349,-1971953164.22
2022-09-27,3647.290039,41.50904208657961,-1947773550.93
2022-09-28,3719.040039,43.82506873440669,-1178481419.77
2022-09-29,3640.469971,49.22403241131742,-2296037811.78
2022-09-30,3585.620117,48.56211540665834,-2317900570.64
2022-10-03,3678.429932,43.86597969387558,-1901132679.7
2022-10-04,3790.929932,43.79460011439018,19675015.79
2022-10-05,3783.280029,50.20535757050698,-70021110.48
2022-10-06,3744.52002,49.380608756543594,-637120066.18
2022-10-07,3639.659912,51.12437018236255,-2042918959.67
2022-10-10,3612.389893,43.12453499350074,-2188835084.83
2022-10-11,3588.840088,42.62835845936522,-2312305536.87
2022-10-12,3577.030029,42.982345197293384,-2310834184.73
2022-10-13,3669.909912,43.72733325786873,-824431792.5393
2022-10-14,3583.070068,46.391334516188195,-2022893671.5
2022-10-17,3677.949951,40.86534446099088,-1042940689.21
2022-10-18,3719.97998,45.513371545858,-138130472.44
2022-10-19,3695.159912,47.415773295776894,-495245267.18
2022-10-20,3665.780029,48.55492087748631,-716136471.58
2022-10-21,3752.75,45.45094393486024,261538294.1
2022-10-24,3797.340088,47.71257111013868,854701687.77
2022-10-25,3859.110107,45.86647607217289,1852760603.58
2022-10-26,3830.600098,46.42167754329743,1546095485.355
2022-10-27,3807.300049,45.33808818742287,1337671431.12
2022-10-28,3901.060059,44.15714133776737,1665443325.94
2022-10-31,3871.97998,45.51191572908189,1343178217.76
2022-11-01,3856.100098,41.82068693902286,1285958789.06
2022-11-02,3759.689941,45.69037362040495,-320007164.42
2022-11-03,3719.889893,44.24763337137096,-636899217.81
2022-11-04,3770.550049,42.53027717521739,586325801.69
2022-11-07,3806.800049,44.986084461912,1164754583.3
2022-11-08,3828.110107,43.895973677036906,1395166919.065
2022-11-09,3748.570068,45.78347318756721,48172860.36
2022-11-10,3956.370117,42.030779488212424,3748513589.55
2022-11-11,3992.929932,45.36507211941536,3230477834.58
2022-11-14,3957.25,47.23185850938373,2909963226.9
2022-11-15,3991.72998,48.239072143165416,3443458782.71
2022-11-16,3958.790039,48.208507084579324,2633494993.97
2022-11-17,3946.560059,48.91219125336404,2291891827.08
2022-11-18,3965.340088,47.26033186966102,1459191770.9
2022-11-21,3949.939941,46.64919608938746,1300596493.0
2022-11-22,4003.580078,46.581928877880244,2357135971.39
2022-11-23,4027.26001,45.83267182773615,3435195274.96
2022-11-25,4026.120117,46.8926403486995,2671542183.19
2022-11-28,3963.939941,46.62435620877441,1355413159.64
2022-11-29,3957.629883,46.21883112569287,1256509409.53
2022-11-30,4080.110107,46.129735117386026,4258630099.75
2022-12-01,4076.570068,45.833484527968146,3946988857.99
2022-12-02,4071.699951,46.847423003743174,2968364135.76
2022-12-05,3998.840088,45.47757433748886,1660549368.18
2022-12-06,3941.26001,46.499446780097955,384277370.58
2022-12-07,3933.919922,45.06092726714698,269912768.63
2022-12-08,3963.51001,45.23562059697737,1116596555.13
2022-12-09,3934.379883,44.92485256057363,822257889.21
2022-12-12,3990.560059,45.69938464028686,1864052271.36
2022-12-13,4019.649902,44.5057671569984,2501285195.12
2022-12-14,3995.320068,45.97570945156639,1493971163.47
2022-12-15,3895.75,50.102926741660845,-782189496.89
2022-12-16,3852.360107,51.745312524583774,-535152595.34
2022-12-19,3817.659912,45.42557804453602,-988880067.73
2022-12-20,3821.620117,44.27166515618842,-977625207.16
2022-12-21,3878.439941,46.56732232954336,103987369.29
2022-12-22,3822.389893,44.194360956664354,-845642032.32
2022-12-23,3844.820068,44.981943154853695,13198754.275
2022-12-27,3829.25,44.60694996899044,9857586.94
2022-12-28,3783.219971,44.89981131108366,-970157112.75
2022-12-29,3849.280029,45.67968985134722,638811834.53
2022-12-30,3839.5,46.143948154697114,237404566.72
2023-01-03,3824.139893,47.70508605620452,113989742.07
2023-01-04,3852.969971,45.88858396545527,731249419.16
2023-01-05,3808.100098,48.8033321376014,54549398.25
2023-01-06,3895.080078,46.142552083871195,1410843211.63
2023-01-09,3892.090088,47.69528058300595,1516025858.7
2023-01-10,3919.25,48.60421356569608,1820267288.7
2023-01-11,3969.610107,46.079352828250094,2909037627.75
2023-01-12,3983.169922,47.55812998008865,3588138953.69
2023-01-13,3999.090088,47.41181163885564,3212414026.94
2023-01-17,3990.969971,49.33497443635087,3110333384.52
2023-01-18,3928.860107,50.34207798114018,1373915601.33
2023-01-19,3898.850098,50.48306291876291,246824292.59
2023-01-20,3972.610107,50.14105033375945,946667741.84
2023-01-23,4019.810059,51.39545742306009,1925800675.74
2023-01-24,4016.949951,52.21390998572865,1881708006.295
2023-01-25,4016.219971,52.299056503886106,1953087468.83
2023-01-26,4060.429932,52.20954975297288,3591705215.65
2023-01-27,4070.560059,54.39849159711076,2369599331.03
2023-01-30,4017.77002,54.20999280871932,1383167166.02
2023-01-31,4076.600098,51.723302558669396,2513040467.71
2023-02-01,4119.209961,52.71883154322165,3505807061.38
2023-02-02,4179.759766,50.00707023867839,3707163001.7
2023-02-03,4136.47998,52.78320633050447,2508058831.07
2023-02-06,4111.080078,55.16239405814686,2077821729.03
2023-02-07,4164.0,52.70809725787284,3178510104.155
2023-02-08,4117.859863,53.659509583106015,2262558501.82
2023-02-09,4081.5,53.01253770187,1528684689.69
2023-02-10,4090.459961,52.50037836328782,1732004941.23
2023-02-13,4137.290039,51.6691437108343,2635978224.0
2023-02-14,4136.129883,54.98842201221633,2774217661.64
2023-02-15,4147.600098,52.96114569521209,3122525229.255
2023-02-16,4090.409912,50.76844207876998,1361668553.54
2023-02-17,4079.090088,52.424800647249825,1222922774.8
2023-02-21,3997.340088,51.6926011710105,7498832.76
2023-02-22,3991.050049,48.17069617650202,-59505220.79
2023-02-23,4012.320068,48.69525853887543,356863721.86
2023-02-24,3970.040039,52.553817200443234,-9862362.535
2023-02-27,3982.23999,48.36226025709476,329569889.13
2023-02-28,3970.149902,47.52766573285281,36384164.17
2023-03-01,3951.389893,47.81212310126199,-338624549.04
2023-03-02,3981.350098,45.93283328973655,483490062.87
2023-03-03,4045.639893,46.727784603229026,1012177696.82
2023-03-06,4048.419922,46.648041861808245,1198838327.17
2023-03-07,3986.370117,49.699914363011985,-232401870.96
2023-03-08,3992.01001,47.996710823704284,-37656026.65
2023-03-09,3918.320068,46.63696432770033,-1417227647.52
2023-03-10,3861.590088,47.3246085474881,-1476792273.66
2023-03-13,3855.76001,44.104933602380655,-1211239364.75
2023-03-14,3919.290039,47.42335392022729,-54291434.22
2023-03-15,3891.929932,48.70189939441876,-7192500.97
2023-03-16,3960.280029,45.458342006318006,1761416481.07
2023-03-17,3916.639893,50.273641902451295,500667556.0
2023-03-20,3951.570068,49.10141005344596,843657608.48
2023-03-21,4002.870117,49.32353730798637,1727149186.345
2023-03-22,3936.969971,49.85654975765704,620409637.61
2023-03-23,3948.719971,50.49430551867534,1117406834.52
2023-03-24,3970.98999,51.02619690011093,1069605045.77
2023-03-27,3977.530029,52.02519146831531,1099309838.685
2023-03-28,3971.27002,51.478650583494115,925347545.585
2023-03-29,4027.810059,50.440708448336046,2388130098.74
2023-03-30,4050.830078,48.02964110138524,3100209919.14
2023-03-31,4109.310059,49.248019865692925,3013617210.3
2023-04-03,4124.509766,49.09949621863411,3669996236.82
2023-04-04,4100.600098,47.058921751431,3135859617.07
2023-04-05,4090.379883,45.21537751792697,2411764821.64
2023-04-06,4105.02002,46.10518632123692,2719423867.42
2023-04-10,4109.109863,47.76177107286869,2876591366.69
2023-04-11,4108.939941,44.93209512233187,2918992354.75
2023-04-12,4091.949951,48.34378350761912,2162355268.21
2023-04-13,4146.220215,46.14652618171967,4232364090.6
2023-04-14,4137.640137,47.12228490682429,3243804368.53
2023-04-17,4151.319824,48.97075844791494,3670020461.13
2023-04-18,4154.870117,47.62702354727923,3955046025.01
2023-04-19,4154.52002,49.0984187780291,3801716359.81
2023-04-20,4129.790039,48.65699837432454,3248781983.59
2023-04-21,4133.52002,47.0428247084518,1808383997.75
2023-04-24,4137.040039,48.0196200699697,1964211417.59
2023-04-25,4071.629883,46.80657522137273,838041546.68
2023-04-26,4055.98999,47.15873358716658,526923626.485
2023-04-27,4135.350098,45.727564082962616,2720894833.49
2023-04-28,4169.47998,46.58101542139469,2503235646.61
2023-05-01,4167.870117,49.82364084753923,2505038217.07
2023-05-02,4119.580078,50.08674789798812,1544399378.37
2023-05-03,4090.75,48.718016250645455,854395760.535
2023-05-04,4061.219971,48.83082544160276,147495020.985
2023-05-05,4136.25,47.30951188407832,2001732898.5
2023-05-08,4138.120117,50.27363354883082,2150819381.58
2023-05-09,4119.169922,50.1476088409772,1659676923.815
2023-05-10,4137.640137,49.747585461584656,2410871779.78
2023-05-11,4130.620117,50.3267032461344,2252765937.965
2023-05-12,4124.080078,51.12410147224805,1639419877.22
2023-05-15,4136.279785,48.81419205282216,2028031810.93
2023-05-16,4109.899902,49.59335980274011,1801687388.215
2023-05-17,4158.77002,50.25285886110059,3367531356.14
2023-05-18,4198.049805,52.51981584721093,4519055007.63
2023-05-19,4191.97998,53.85508279619175,2458597696.53
2023-05-22,4192.629883,48.92795164320979,2521382324.28
2023-05-23,4145.580078,50.50608144039631,1485059995.02
2023-05-24,4115.240234,47.48426125781498,1006070719.61
2023-05-25,4151.279785,43.113412022984285,1905607508.91
2023-05-26,4205.450195,46.17933920837995,2482939550.54
2023-05-30,4205.52002,49.015833116072486,2623417179.175
2023-05-31,4179.830078,51.44733531996361,1979219306.025
2023-06-01,4221.02002,48.90207473236587,3597156050.145
2023-06-02,4282.370117,49.724130635846144,3824152780.18
2023-06-05,4273.790039,49.25401502937738,3694645911.7
2023-06-06,4283.850098,47.91190153015813,3901353879.27
2023-06-07,4267.52002,48.93844055568568,3206393300.39
2023-06-08,4293.930176,48.175314524078885,4690744162.035
2023-06-09,4298.859863,52.0983050716886,4460876877.54
2023-06-12,4338.930176,49.53771237946957,4888968952.02
2023-06-13,4369.009766,49.18589729794237,5707263083.55
2023-06-14,4372.589844,48.80677617444136,5726802866.27
2023-06-15,4425.839844,48.70249416972668,7219161141.215
2023-06-16,4409.589844,49.02208075399138,3776451349.13
2023-06-20,4388.709961,52.89998352899967,3588264518.57
2023-06-21,4365.689941,51.71411740842914,2925878546.85
2023-06-22,4381.890137,48.35888972821182,3876141796.42
2023-06-23,4348.330078,49.40926399583859,2764123433.57
2023-06-26,4328.819824,49.950644064240116,2101291409.835
2023-06-27,4378.410156,47.29385463389773,3647903331.14
2023-06-28,4376.859863,49.15898059290305,3938127415.04
2023-06-29,4396.439941,47.61336416993852,4525212179.88
2023-06-30,4450.379883,46.35277824857925,4996863320.015
2023-07-03,4455.589844,50.56129720557417,5295880263.59
2023-07-05,4446.819824,52.259564942298944,5020173091.59
2023-07-06,4411.589844,49.4861406231945,3646148329.68
2023-07-07,4398.950195,46.92738237639609,3200175526.98
2023-07-10,4409.529785,50.235184528808816,3430727087.46
2023-07-11,4439.259766,45.2987593393885,4637696774.49
2023-07-12,4472.160156,44.804440400341775,5981589109.79
2023-07-13,4510.040039,46.073872670374996,7066543410.63
2023-07-14,4505.419922,48.99320172267293,5268012288.61
2023-07-17,4522.790039,50.871291359235805,6022155822.92
2023-07-18,4554.97998,48.52736765207928,6665653695.185
2023-07-19,4565.720215,50.02600932076263,7014538657.98
2023-07-20,4534.870117,49.45137420178977,5627805848.98
2023-07-21,4536.339844,50.995263711790216,3722799289.6
2023-07-24,4554.640137,45.85450335234472,4221232601.58
2023-07-25,4567.459961,48.37092566910651,4521149636.33
2023-07-26,4566.75,47.26600930491669,4482258843.16
2023-07-27,4537.410156,46.8204674193689,3742041119.62
2023-07-28,4582.22998,47.12670214927376,4630459373.51
2023-07-31,4588.959961,46.674158949198876,4792964711.49
2023-08-01,4576.72998,47.46639869535951,4539451078.85
2023-08-02,4513.390137,47.78877469170969,2341028610.34
2023-08-03,4501.890137,48.181383188756996,3222934867.03
2023-08-04,4478.029785,48.25099714425233,2398288801.35
2023-08-07,4518.439941,45.915326989646196,3317556416.53
2023-08-08,4499.379883,45.7279350465266,2699090654.62
2023-08-09,4467.709961,47.37331331157656,1643834012.62
2023-08-10,4468.830078,47.35454553146951,1731289329.38
2023-08-11,4464.049805,48.81484134452207,2478490073.49
2023-08-14,4489.720215,48.22480004507243,3289773887.58
2023-08-15,4437.859863,51.32758795319731,1184360457.48
2023-08-16,4404.330078,49.193412914074294,282455379.42
2023-08-17,4370.359863,47.109108925454116,-866868377.14
2023-08-18,4369.709961,45.09547670507274,249769625.57
2023-08-21,4399.77002,48.38726437706416,1059560212.75
2023-08-22,4387.549805,47.76692738142723,1031303019.26
2023-08-23,4436.009766,46.54177107671634,2362023848.71
2023-08-24,4376.310059,49.42212741879357,315814383.015
2023-08-25,4405.709961,48.034490104353424,1278763489.15
2023-08-28,4433.310059,48.12001466023855,2078487731.09
2023-08-29,4497.629883,45.03509922995046,4333403767.36
2023-08-30,4514.870117,48.35562346781526,4931388574.89
2023-08-31,4507.660156,48.43404076876321,4895374698.74
2023-09-01,4515.77002,49.90546321643607,3769886463.33
2023-09-05,4496.830078,46.82909725551228,3613424521.75
2023-09-06,4465.47998,48.51816540577311,2268785020.3
2023-09-07,4451.140137,47.41935813926026,1946021225.1
2023-09-08,4457.490234,48.346873894521345,2392190739.73
2023-09-11,4487.459961,45.71645870152085,3411540168.46
2023-09-12,4461.899902,51.87398443097566,2552197144.26
2023-09-13,4467.439941,51.98642480057893,2894943035.17
2023-09-14,4505.100098,50.865176293002925,4658047719.255
2023-09-15,4450.319824,54.57084649487548,1551356689.05
2023-09-18,4453.529785,50.15101362060539,1666875816.115
2023-09-19,4443.950195,48.6782364532985,1532740492.43
2023-09-20,4402.200195,46.94721302887977,305798339.72
2023-09-21,4330.0,45.75665224496367,-1336781302.93
2023-09-22,4320.060059,48.94416368357308,-198493735.14
2023-09-25,4337.439941,46.31035438426464,191329390.375
2023-09-26,4273.529785,46.26088640944369,-872376301.71
2023-09-27,4274.509766,44.98875376407562,-651152365.2
2023-09-28,4299.700195,45.078500740820445,587821699.29
2023-09-29,4288.049805,46.8311757211278,112627059.18
2023-10-02,4288.390137,49.94031699766297,587249433.9
2023-10-03,4229.450195,50.43530954664196,-835526249.765
2023-10-04,4263.75,47.92585429463432,423799863.23
2023-10-05,4258.189941,47.92163809128453,548377723.835
2023-10-06,4308.5,48.67084822678553,1304725289.63
2023-10-09,4335.660156,47.260460213670626,1071754182.41
2023-10-10,4358.240234,44.02233305028053,2758592235.68
2023-10-11,4376.950195,47.21494613583745,3460344872.04
2023-10-12,4349.609863,46.49014705310068,3073727009.9
2023-10-13,4327.779785,48.68463553589163,1238457576.38
2023-10-16,4373.629883,47.72251655358014,2778377755.52
2023-10-17,4373.200195,50.62937310068295,2084098659.14
2023-10-18,4314.600098,49.455131244812726,735266641.53
2023-10-19,4278.0,48.017079019217626,-116379904.21
2023-10-20,4224.160156,48.47369895257372,-183334078.76
2023-10-23,4217.040039,46.58271611858206,-154915708.21
2023-10-24,4247.680176,46.56800755977738,592401425.29
2023-10-25,4186.77002,47.27847839270231,-416916153.875
2023-10-26,4137.22998,44.765400922015594,-1628381357.47
2023-10-27,4117.370117,46.76825661605003,-943041560.175
2023-10-30,4166.819824,44.79043208023632,-69507613.6
2023-10-31,4193.799805,45.42111268984342,375855575.08
2023-11-01,4237.859863,47.41136021362899,1994589452.32
2023-11-02,4317.779785,46.78136626269247,4309298207.55
2023-11-03,4358.339844,46.66945033619846,3334310731.02
2023-11-06,4365.97998,48.48456667677204,3799986813.93
2023-11-07,4378.379883,46.40311394748637,4327725855.11
2023-11-08,4382.779785,49.39482691815853,4443682443.69
2023-11-09,4347.350098,49.54407882006222,3312841275.55
2023-11-10,4415.240234,47.861433068407436,4139281254.29
2023-11-13,4411.549805,48.370590393424415,4461109774.29
2023-11-14,4495.700195,48.23457479547438,6675329379.37
2023-11-15,4502.879883,49.66002807900079,6691748543.225
2023-11-16,4508.240234,47.52089128361208,6378069623.19
2023-11-17,4514.02002,46.63463585968024,4511812051.18
2023-11-20,4547.379883,49.66782467257474,5581276229.06
2023-11-21,4538.189941,48.60982500437894,5509028818.45
2023-11-22,4556.620117,49.32343093002067,6315183501.49
2023-11-24,4559.339844,46.883742948898885,4575342698.57
2023-11-27,4550.430176,46.984120606225,4998511593.43
2023-11-28,4554.890137,46.48437295180462,5399869897.41
2023-11-29,4550.580078,47.99993854336956,4924214907.285
2023-11-30,4567.799805,48.02820582996328,4434525035.56
2023-12-01,4594.629883,45.525604171774816,4924647138.175
2023-12-04,4569.779785,48.11032272920194,4261615144.34
2023-12-05,4567.180176,48.10994575336367,4930319626.11
2023-12-06,4549.339844,49.7798133655521,4084177703.22
2023-12-07,4585.589844,48.21177709563617,6084693977.68
2023-12-08,4604.370117,50.37209102093097,5690578255.97
2023-12-11,4622.439941,50.66672971645724,5789060345.0
2023-12-12,4643.700195,48.55862798713624,6869626927.89
2023-12-13,4707.089844,46.766194863379226,8549368690.17
2023-12-14,4719.549805,44.284133399789226,7891862872.08
2023-12-15,4719.189941,49.73976008060066,5806518587.68
2023-12-18,4740.560059,46.073129776715135,6696774143.065
2023-12-19,4768.370117,48.033515061887734,7597039219.43
2023-12-20,4698.350098,47.06128511568676,3712488914.7
2023-12-21,4746.75,49.01684895438972,5337349976.96
2023-12-22,4754.629883,49.17534745294711,5687669871.31
2023-12-26,4774.75,47.86735750692797,6310143486.55
2023-12-27,4781.580078,49.61398263150081,6809006108.73
2023-12-28,4783.350098,47.70028348406885,6874712702.59
2023-12-29,4769.830078,48.09692639114702,5166522873.29
2024-01-02,4742.830078,47.14816412934671,4388710873.885
2024-01-03,4704.810059,46.731441151023624,3555017927.58
2024-01-04,4688.680176,45.930735331642744,2174268066.685
2024-01-05,4697.240234,48.47927505509672,3809162487.45
2024-01-08,4763.540039,47.84129792209011,5977778128.16
2024-01-09,4756.5,49.884918378692724,5852128042.425
2024-01-10,4783.450195,50.631482883927184,6965029865.46
2024-01-11,4780.240234,50.150052651619546,3905093120.64
2024-01-12,4783.830078,49.83694874512527,5882972500.935
2024-01-16,4765.97998,47.79968437858665,5092414197.19
2024-01-17,4739.209961,47.2816856065716,4389194435.69
2024-01-18,4780.939941,48.16457188276474,6332262200.35
2024-01-19,4839.810059,47.82963445729173,4204740983.53
2024-01-22,4850.430176,46.911114037467186,4537414759.11
2024-01-23,4864.600098,46.24719277826926,5024429245.84
2024-01-24,4868.549805,45.14265098058295,5492099945.82
2024-01-25,4894.160156,46.00295822082793,5548068137.25
2024-01-26,4890.970215,46.95932065672981,4216357789.225
2024-01-29,4927.930176,46.15137052003848,5140652697.8
2024-01-30,4924.970215,46.55368666198109,5022110250.67
2024-01-31,4845.649902,45.749813711017566,3119171780.48
2024-02-01,4906.189941,49.09098295563084,5077584253.37
2024-02-02,4958.609863,46.40997371872972,4546961678.91
2024-02-05,4942.810059,46.556239627241744,4856180132.34
2024-02-06,4954.22998,44.66286617216424,4658369623.645
2024-02-07,4995.060059,46.88792248060036,6446332378.845
2024-02-08,4997.910156,45.27386893725825,5462013301.73
2024-02-09,5026.609863,47.570270167448406,5328163034.08
2024-02-12,5021.839844,46.70367120807134,5238326555.97
2024-02-13,4953.169922,49.39371959471152,3109014454.93
2024-02-14,5000.620117,47.808041764353185,4891486966.92
2024-02-15,5029.72998,44.81056235965201,6175748191.57
2024-02-16,5005.569824,45.93003608607316,3611085505.705
2024-02-20,4975.509766,44.33681663590184,3069871389.01
2024-02-21,4981.799805,44.98798609924775,2461813756.45
2024-02-22,5087.029785,44.139821929620524,6830228515.51
2024-02-23,5088.799805,46.3327913102835,3859629412.2
2024-02-26,5069.529785,44.59740308182568,4513754499.48
2024-02-27,5078.180176,45.99099440715851,4908130934.85
2024-02-28,5069.759766,44.77640321375518,4669272626.53
2024-02-29,5096.27002,44.5261274895228,6255851750.24
2024-03-01,5137.080078,45.31911179880403,5332123204.0
2024-03-04,5130.950195,46.03390592169764,4905430380.59
2024-03-05,5078.649902,45.448986517249104,3556955794.43
2024-03-06,5104.759766,44.66947513382264,4239910445.14
2024-03-07,5157.359863,44.35451842750945,5718508592.525
2024-03-08,5123.689941,41.81398232737167,4104732758.15
2024-03-11,5117.939941,40.997021061705105,4713757285.12
2024-03-12,5175.27002,47.49313955175592,5938283529.13
2024-03-13,5165.310059,46.91749382769783,5624295731.265
2024-03-14,5150.47998,46.84485103595023,5282309854.9
2024-03-15,5117.089844,44.668540798037284,3342167300.89
2024-03-18,5149.419922,42.52271520124194,3937922000.13
2024-03-19,5178.509766,45.71361804176552,4650536931.98
2024-03-20,5224.620117,45.26462258524015,7263900892.39
2024-03-21,5241.529785,43.40080005127357,7674673966.565
2024-03-22,5234.180176,43.81486451601021,4650663108.26
2024-03-25,5218.189941,44.60225708000028,5513707300.29
2024-03-26,5203.580078,45.62260024956261,5052700288.24
2024-03-27,5248.490234,44.91627115057087,5848870499.28
2024-03-28,5254.350098,42.749073580227595,5832130945.06
2024-04-01,5243.77002,44.46142840780537,5465906197.97
2024-04-02,5205.810059,45.61580606562219,4278337802.78
2024-04-03,5211.490234,42.77146589599023,4873454757.49
2024-04-04,5147.209961,43.935428046492206,1849412237.27
2024-04-05,5204.339844,45.138245931185054,3504911241.87
2024-04-08,5202.390137,45.307169452316145,3398335515.4
2024-04-09,5209.910156,43.92675765959717,3630865100.65
2024-04-10,5160.640137,47.93348447078013,2920913807.8
2024-04-11,5199.060059,45.06637130342333,5830983335.39
2024-04-12,5123.410156,47.14684315632315,2553523575.71
2024-04-15,5061.819824,42.458572140815946,939169796.44
2024-04-16,5051.410156,43.08010371822657,871219214.29
2024-04-17,5022.209961,44.66688251734659,12214539.55
2024-04-18,5011.120117,41.78051418557866,-37538291.66
2024-04-19,4967.22998,40.881511749048634,665749991.425
2024-04-22,5010.600098,41.630119201519165,1326659406.91
2024-04-23,5070.549805,45.28111123852846,2750771165.07
2024-04-24,5071.629883,49.60643289406773,2630505684.31
2024-04-25,5048.419922,46.66122714086745,2830701609.05
2024-04-26,5099.959961,47.24289678300474,3139888783.76
2024-04-29,5116.169922,48.401303183057145,3674119701.96
2024-04-30,5035.689941,49.51547653306711,2090173759.56
2024-05-01,5018.390137,46.8262152059069,1376151941.74
2024-05-02,5064.200195,47.28233996370414,3066656377.73
2024-05-03,5127.790039,45.19354046666333,4044558565.76
2024-05-06,5180.740234,47.34998326350474,5431941595.98
2024-05-07,5187.700195,46.01895894708283,5525622777.86
2024-05-08,5187.669922,45.49219939120685,5566559703.53
2024-05-09,5214.080078,45.98741546523909,6346208011.125
2024-05-10,5222.680176,45.90026541356597,5432035668.68
2024-05-13,5221.419922,44.981649955656735,5594060151.52
2024-05-14,5246.680176,45.432109564973814,6255962154.82
2024-05-15,5308.149902,46.519045006978175,7955671214.54
2024-05-16,5297.100098,47.2574901095364,7245061117.04
2024-05-17,5303.27002,48.94879915517382,4853015125.225
2024-05-20,5308.129883,46.69760107495623,4963617300.3
2024-05-21,5321.410156,46.71083915258233,5510500288.96
2024-05-22,5307.009766,47.56491669509171,4917089987.85
2024-05-23,5267.839844,44.50640059808768,3630219246.885
2024-05-24,5304.720215,45.06353532200383,4477390255.11
2024-05-28,5306.040039,42.89795700102121,4395458155.06
2024-05-29,5266.950195,43.32755001000636,3426680034.11
2024-05-30,5235.47998,43.1487239693788,2534347787.52
2024-05-31,5277.509766,45.091975900706174,3652680539.81
2024-06-03,5283.399902,46.109612373867,4212034593.02
2024-06-04,5291.339844,45.83795905147441,4652135608.16
2024-06-05,5354.029785,44.36897144939897,6324708452.24
2024-06-06,5352.959961,45.94684945171626,6633452844.91
2024-06-07,5346.990234,45.56791348999804,4936257709.26
2024-06-10,5360.790039,46.72186793608573,5088447662.615
2024-06-11,5375.319824,45.69123915694939,6460479148.0
2024-06-12,5421.029785,45.834318986935514,7592465321.04
2024-06-13,5433.740234,45.90012540733238,7263421535.965
2024-06-14,5431.600098,46.90349018495873,5953643755.055
2024-06-17,5473.22998,47.28627753489201,6951610730.48
2024-06-18,5487.029785,46.5744947236231,6890717242.9
2024-06-20,5473.169922,44.76144388241441,6883926636.09
2024-06-21,5464.620117,45.1803886229132,4790673924.23
2024-06-24,5447.870117,44.763496609883305,4995460524.13
2024-06-25,5469.299805,47.00154600068445,5599614412.36
2024-06-26,5477.899902,47.51736216180038,6278491751.77
2024-06-27,5482.870117,46.08933607356792,6613362795.08
2024-06-28,5460.47998,47.00927348723485,5094768281.445
2024-07-01,5475.089844,46.453066363963806,5738185259.28
2024-07-02,5509.009766,48.95317213909642,6932596551.94
2024-07-03,5537.02002,48.42474191192333,8203968336.17
2024-07-05,5567.189941,48.1141539823413,6668320256.6
2024-07-08,5572.850098,48.826858563824835,6266260813.76
2024-07-09,5576.97998,50.29724222680253,7212656349.23
2024-07-10,5633.910156,50.48272553633313,8525287309.01
2024-07-11,5584.540039,51.14700718879379,5982740161.67
2024-07-12,5615.350098,48.25464081162995,6768481430.32
2024-07-15,5631.220215,50.30334647602539,6787112127.07
2024-07-16,5667.200195,48.19731001176057,7619103402.855
2024-07-17,5588.27002,46.46175945763572,5656856967.11
2024-07-18,5544.589844,47.50666264632051,4488196122.54
2024-07-19,5505.0,51.73293639404291,3681523088.825
2024-07-22,5564.410156,46.42678293378429,4520803771.03
2024-07-23,5555.740234,49.11452919011758,4499477211.77
2024-07-24,5427.129883,47.84994354984643,1789933994.86
2024-07-25,5399.220215,42.78902089535446,1875210274.115
2024-07-26,5459.100098,45.98597614636857,3402837819.38
2024-07-29,5463.540039,48.448625927733005,3475151090.62
2024-07-30,5436.439941,44.981421272468516,3356663421.66
2024-07-31,5522.299805,46.48073205634767,4864174811.01
2024-08-01,5446.680176,48.51221527818499,2991904075.37
2024-08-02,5346.560059,48.24036614265272,2108487296.9
2024-08-05,5186.330078,44.570204256815835,477084855.23
2024-08-06,5240.029785,46.629508510690584,1139237300.61
2024-08-07,5199.5,47.6325181765005,592021575.78
2024-08-08,5319.310059,45.75324245944873,2937064801.545
2024-08-09,5344.160156,49.214380262844685,3006151670.155
2024-08-12,5344.390137,48.74198398174274,2995707979.46
2024-08-13,5434.430176,47.36166994673834,4838110534.285
2024-08-14,5455.209961,47.9641796045145,5393188545.41
2024-08-15,5543.220215,47.06055475970381,7887918588.35
2024-08-16,5554.25,50.462046816348824,5123957497.84
2024-08-19,5608.25,53.14045743795677,6233610334.875
2024-08-20,5597.120117,52.610543922244865,6208359712.06
2024-08-21,5620.850098,50.155917744911925,6921479038.575
2024-08-22,5570.640137,52.69392864745218,5153200945.66
2024-08-23,5634.609863,50.03818902272721,5959589387.565
2024-08-26,5616.839844,53.11372270372489,5779012431.34
2024-08-27,5625.799805,51.844408571552925,5845340981.72
2024-08-28,5592.180176,51.10332836647742,4939437289.45
2024-08-29,5591.959961,51.39634565138288,5523035218.93
2024-08-30,5648.399902,49.03525258691827,6086556803.41
2024-09-03,5528.930176,50.8833359001173,3740020284.86
2024-09-04,5520.069824,51.02521351017828,3595195654.73
2024-09-05,5503.410156,53.47519461596298,3520684582.43
2024-09-06,5408.42,51.602245538867884,2315966377.225
2024-09-09,5471.05,47.00371868507697,3280530135.64
2024-09-10,5495.52,50.424666367282576,3849656184.97
2024-09-11,5554.13,52.60588887828703,5336593611.67
2024-09-12,5595.76,51.46940294651113,6940079337.84
2024-09-13,5626.02,50.14514379138926,5909286858.81
2024-09-16,5633.09,44.52931963157245,5961311631.08
2024-09-17,5634.58,45.969226770919555,6155123107.83
2024-09-18,5618.26,50.03872372289817,5805165888.845
2024-09-19,5713.64,46.95936526456746,8221473205.36
2024-09-20,5702.55,52.69819601480139,5303295296.81
2024-09-23,5718.57,47.79295338238031,5786903108.815
2024-09-24,5732.93,46.04311619824734,6328267075.14
2024-09-25,5722.26,47.535456044038646,6394695661.57
2024-09-26,5745.37,45.89892776800006,6959651132.06
2024-09-27,5738.17,45.8956888782214,5567042737.51
2024-09-30,5762.48,44.98615310238202,6352622311.23
2024-10-01,5708.75,45.59557192377865,4896533689.6
2024-10-02,5709.54,45.37937083873902,4428681483.82
2024-10-03,5699.94,47.35931003809274,4816938822.33
2024-10-04,5751.07,46.03112263193784,5743532577.46
2024-10-07,5695.94,47.102970958021515,3846572084.54
2024-10-08,5751.13,46.12569039036569,5963801711.795
2024-10-09,5792.04,48.029174895591645,7047951415.94
2024-10-10,5780.05,50.55445326396119,6592904183.59
2024-10-11,5815.03,48.07976724960353,6401612335.485
2024-10-14,5859.85,44.173533736141266,7410156662.525
2024-10-15,5815.26,45.307261483009945,6591408664.14
2024-10-16,5842.47,44.190927400022524,7096290604.985
2024-10-17,5841.47,45.000840110133424,7121736829.42
2024-10-18,5864.67,45.363619398000374,5436123275.77
2024-10-21,5853.98,45.61387603256886,5398150643.01
2024-10-22,5851.2,45.647737862871764,5851529850.79
2024-10-23,5797.42,47.450225122066755,4082983910.275
2024-10-24,5809.86,47.18424275892129,4880783378.82
2024-10-25,5808.12,50.35022551358372,4749534530.95
2024-10-28,5823.52,46.03223688097718,4915880671.095
2024-10-29,5832.92,44.66970040749655,5024193848.845
2024-10-30,5813.67,44.09768755881462,4423596923.13
2024-10-31,5705.45,42.57287727872477,1917795553.99
2024-11-01,5728.8,43.21029260778999,3675434280.67
2024-11-04,5712.69,44.30222186283885,3341290878.1
2024-11-05,5782.76,44.43728275623208,4614333694.51
2024-11-06,5929.04,42.336285172050445,7758532407.61
2024-11-07,5973.1,47.54304522324671,9662097969.405
2024-11-08,5995.54,49.60295472351906,7382278792.875
2024-11-11,6001.35,45.70829697471293,7378270517.98
2024-11-12,5983.99,45.6386986061053,7246970942.92
2024-11-13,5985.38,47.345221228416825,7180883104.055
2024-11-14,5949.17,46.92102348576661,6447921288.31
2024-11-15,5870.62,47.17625868883435,3974675801.22
2024-11-18,5893.62,43.284346261168025,4681640451.28
2024-11-19,5916.98,44.25351873934582,5359810256.17
2024-11-20,5917.11,47.85193215763816,5417552741.44
2024-11-21,5948.71,45.150245072517144,6330482864.06
2024-11-22,5969.34,48.03932400644954,6027379554.77
2024-11-25,5987.37,45.56971891232685,6625218270.06
2024-11-26,6021.63,42.88433545638844,7744311204.2
2024-11-27,5998.74,45.13469187013214,6855214026.0
2024-11-29,6032.38,38.24180352729878,6826040464.43
2024-12-02,6047.15,43.14116829116506,7706048007.55
2024-12-03,6049.88,45.72783197724437,8146922443.375
2024-12-04,6086.49,47.199793004747995,9545620758.4
2024-12-05,6075.11,43.420164504277956,9140526161.325
2024-12-06,6090.27,44.82028284534184,7631066627.59
2024-12-09,6052.85,45.77672517113256,6954304274.37
2024-12-10,6034.91,44.93212404645196,6807175031.78
2024-12-11,6084.19,47.58637658004902,8034815760.055
2024-12-12,6051.25,49.78026373338508,7076150111.89
2024-12-13,6051.09,48.42802616476507,6050424113.52
2024-12-16,6074.08,47.73660011279741,5979848912.115
2024-12-17,6050.61,46.392213374171334,6160603504.01
2024-12-18,5872.16,48.99548627022649,2158783462.75
2024-12-19,5867.08,49.986419391652056,2450546702.59
2024-12-20,5930.85,45.7766690249385,3723450386.15
2024-12-23,5974.07,45.27265491410503,4698052213.6
2024-12-24,6040.04,47.54144906234165,7095206967.79
2024-12-26,6037.59,50.09728260754676,6785424919.14
2024-12-27,5970.84,49.17524404112254,4199651257.635
2024-12-30,5906.94,43.06666037436302,2997519655.26
2024-12-31,5881.63,45.56693888932286,2441213241.37
2025-01-02,5868.55,44.65679440622498,2371887332.96
2025-01-03,5942.47,43.33370808855306,4096050139.705
2025-01-06,5975.38,47.08132195920826,5052128431.3
2025-01-07,5909.03,48.21055844569468,3469278377.985
2025-01-08,5918.25,46.73007898946944,3247296337.15
2025-01-10,5827.04,49.221146432139676,2208536026.495
2025-01-13,5836.22,44.31237417557748,2397711379.54
2025-01-14,5842.91,47.40413641104078,2579500681.42
2025-01-15,5949.91,42.148384502896704,5716896248.16
2025-01-16,5937.34,47.3563909975931,4775367063.665
2025-01-17,5996.66,44.79366169245808,4166702586.62
2025-01-21,6049.24,45.1750590327064,4966653057.85
2025-01-22,6086.37,47.76529181342209,6366758457.72
2025-01-23,6118.71,49.57922414113402,7073749361.21
2025-01-24,6101.24,48.03216534183047,4931479224.98
2025-01-27,6012.28,42.736942912892104,4327572894.085
2025-01-28,6067.7,44.72607573782893,5416249325.51
2025-01-29,6039.31,47.2362371669707,5055559749.31
2025-01-30,6071.17,49.34754952824077,6007920512.42
2025-01-31,6040.53,50.44075810848718,4428409812.36
2025-02-03,5994.57,44.37787521794468,3583323664.46
2025-02-04,6037.88,46.07745165018623,4725386327.795
2025-02-05,6061.48,48.527120139971366,5258058995.205
2025-02-06,6083.57,46.23419096696821,6298794496.54
2025-02-07,6025.99,51.187995128944074,4104401645.92
2025-02-10,6066.44,44.282631418272764,5096090725.49
2025-02-11,6068.5,43.94785326245868,5222593117.26
2025-02-12,6051.97,46.388468915357926,5189626640.545
2025-02-13,6115.07,45.86036057666422,7596817905.955
2025-02-14,6114.63,47.18726802161639,5979705471.675
2025-02-18,6129.58,45.42581768784482,5920643382.97
2025-02-19,6144.15,47.8141280986225,6592821598.88
2025-02-20,6117.52,45.73166308277657,5561483626.56
2025-02-21,6013.13,46.20086402431404,2954752220.15
2025-02-24,5983.25,42.947375734303975,2365713327.77
2025-02-25,5955.25,38.79538780092035,2166538016.49
2025-02-26,5956.06,47.443650776736604,2271171020.44
2025-02-27,5861.57,47.69895686262407,627294061.42
2025-02-28,5954.5,45.92141958886622,2770328688.23
2025-03-03,5849.72,45.5030199677589,1522242896.66
2025-03-04,5778.15,40.60176730631142,557568217.87
2025-03-05,5842.63,46.98395790750865,1875806088.245
2025-03-06,5738.52,46.73725442762191,466724209.505
2025-03-07,5770.2,43.106839188693705,1211369428.3
2025-03-10,5614.56,40.4998665059791,-125126815.305
2025-03-11,5572.07,42.97145428243521,-550474789.48
2025-03-12,5599.3,48.520504271829665,42629739.785
2025-03-13,5521.52,48.56294225275546,-1089722186.225
2025-03-14,5638.94,49.04341823010574,622999962.43
2025-03-17,5675.12,48.169860492267304,1295488233.54
2025-03-18,5614.66,48.95836887889758,314071295.42
2025-03-19,5675.29,47.88721369789631,1592929579.855
2025-03-20,5662.89,49.86042675390054,1394388566.31
2025-03-21,5667.56,50.146282454243305,1528378630.55
2025-03-24,5767.57,47.42261507057847,3359703172.92
2025-03-25,5776.65,48.99230047943808,3543467884.88
2025-03-26,5712.2,47.32277810568287,2084828945.15
2025-03-27,5693.31,47.69697125620827,2057823444.92
2025-03-28,5580.94,48.02636097058405,400421432.91
2025-03-31,5611.85,44.53603707095603,799952988.58
2025-04-01,5633.07,49.33969794547043,1504443221.12
2025-04-02,5670.97,52.19781917454429,2134590896.35
2025-04-03,5396.52,51.05829962612093,-1003997546.345
2025-04-04,5074.08,42.67143754223834,-1944044431.83
2025-04-07,5062.25,41.911973538361806,-1905543907.46
2025-04-08,4982.77,49.77090674251742,-1852544173.38
2025-04-09,5456.9,45.7100381274339,1643186972.17
2025-04-10,5268.05,48.67026385454357,32966429.745
2025-04-11,5363.36,47.66725457906067,373447964.17
2025-04-14,5405.97,48.41533774417382,808319767.055
2025-04-15,5396.63,47.24949839367063,782826927.06
2025-04-16,5275.7,48.38311524968895,-770242084.665
2025-04-17,5282.7,45.99745514859861,47459813.27
2025-04-21,5158.2,46.23529937986741,-656792281.545
2025-04-22,5287.76,45.726437006400886,615614084.42
2025-04-23,5375.86,49.21933604490677,1762633447.355
2025-04-24,5484.77,50.45256511529625,3430226051.74
2025-04-25,5525.21,53.56302232977369,2387843867.555
2025-04-28,5528.75,51.95499471098621,2590989411.665
2025-04-29,5560.83,50.96269044948454,3241496173.6
2025-04-30,5569.06,52.09585104045852,3445248866.56
2025-05-01,5604.14,53.076106029331946,4186919182.95
2025-05-02,5686.67,50.79807595274437,4034809600.41
2025-05-05,5650.38,52.37464625923822,3722988083.74
2025-05-06,5606.91,51.872216144438674,3059046862.42
2025-05-07,5631.28,50.55778134378277,3822177846.61
2025-05-08,5663.94,49.27347327541085,4778376833.05
2025-05-09,5659.91,48.70246140438736,3793108873.58
2025-05-12,5844.19,43.65755862606138,6761859324.96
2025-05-13,5886.55,45.60484584770439,7499879615.62
2025-05-14,5892.58,49.9447578990882,7533048358.36
2025-05-15,5916.93,49.91540078933931,7096014764.73
2025-05-16,5958.38,52.09059964560645,6202214338.51
2025-05-19,5963.6,50.89934353394393,6545107695.47
2025-05-20,5940.46,52.36677354675739,6358990782.8
2025-05-21,5844.61,52.668123940938784,4488106391.41
2025-05-22,5842.01,50.79842300245046,4585225549.87
2025-05-23,5802.82,52.88699094077024,3454684648.54
2025-05-27,5921.54,47.44553984238606,6006309425.44
2025-05-28,5888.55,50.77503202574968,5384692268.73
2025-05-29,5912.17,52.14688686051221,5584823371.44
2025-05-30,5911.69,53.54291576645207,5255528465.63
2025-06-02,5935.94,52.08515532577502,5794483459.18
2025-06-03,5970.37,48.68140448637895,6863834851.97
2025-06-04,5970.81,51.836036178991826,6992906009.94
2025-06-05,5939.3,48.32112182732311,6197527509.9
2025-06-06,6000.36,48.243468275539406,6770754218.76
2025-06-09,6005.88,49.61782442700162,6950247951.93
2025-06-10,6038.81,47.70347320040091,7795453221.9
2025-06-11,6022.24,52.149728902914305,7526968979.99
2025-06-12,6045.26,51.2892450340208,8078933833.33
2025-06-13,5976.97,53.19432618902847,5368715710.27
2025-06-16,6033.11,48.74782405467984,6994019606.47
2025-06-17,5982.72,51.19677589906794,5709706273.82
2025-06-18,5980.87,49.41173693705816,5905181546.26
2025-06-20,5967.84,49.86356346464716,3856968962.96
2025-06-23,6025.17,47.45595015841087,5339344397.88
2025-06-24,6092.18,45.73227194561624,6369686298.52
2025-06-25,6092.16,44.68616683275453,7148616930.82
2025-06-26,6141.02,44.74168459876984,8072461301.8
2025-06-27,6173.07,49.23368100709143,7354743566.71
2025-06-30,6204.95,45.85380442227525,8189956840.36
2025-07-01,6198.01,44.77918888330869,7377212602.94
2025-07-02,6227.42,47.09472628253357,8410326706.47
2025-07-03,6279.35,44.76260522392778,8111996422.69
2025-07-07,6229.98,49.33735531106827,7119342127.83
2025-07-08,6225.52,46.295620583941336,7221989575.17
2025-07-09,6263.26,47.324505565188815,8914926324.86
2025-07-10,6280.46,47.65365404919671,9180511276.02
2025-07-11,6259.75,50.09375407589809,7424283159.14
2025-07-14,6268.56,48.56410690332122,7738057459.71
2025-07-15,6243.76,50.54118824322469,7181147244.9
2025-07-16,6263.7,49.112508699862815,7489264274.67
2025-07-17,6297.36,50.566109412710006,8974995266.94
2025-07-18,6296.79,48.8996391523647,5944322656.14
2025-07-21,6305.6,52.868026549175404,6518489855.17
2025-07-22,6309.62,49.11548865891385,5934749486.56
2025-07-23,6358.91,49.13610293992498,7676720631.88
2025-07-24,6363.35,48.85721247937431,8232858198.47
2025-07-25,6388.64,47.69363006059228,6662267721.97
2025-07-28,6389.77,46.4367312428855,6928943479.12
2025-07-29,6370.86,46.775525476451854,6371624221.36
2025-07-30,6362.9,49.67022508160478,6097195989.57
2025-07-31,6339.39,48.64093382350865,5602472269.98
2025-08-01,6238.01,47.787558994163746,4206957830.42
2025-08-04,6329.94,49.3340800156717,5509206516.81
2025-08-05,6299.19,51.04029199677118,4956985022.77
2025-08-06,6345.06,49.81498320497319,6885056501.58
2025-08-07,6340.0,49.098862213894876,7268678445.23
2025-08-08,6389.45,47.99067614925307,7104874959.97
2025-08-11,6373.45,49.79532430774366,7073272424.02
2025-08-12,6445.76,48.83897384942745,9222677076.74
2025-08-13,6466.58,49.7528344673351,9554009566.2
2025-08-14,6468.54,50.70666789022263,9972658498.35
2025-08-15,6449.8,49.38450014253651,6559237118.42
2025-08-18,6449.15,47.91791584417266,7059529380.35
2025-08-19,6411.37,46.847662054828,5609867335.39
2025-08-20,6395.78,43.31844438519711,5198012874.39
2025-08-21,6370.17,48.16484085540034,4671695623.69
2025-08-22,6466.91,46.10650479001054,7012234646.41
2025-08-25,6439.32,47.11248068135336,6837265495.67
2025-08-26,6465.94,48.34154444820751,7518243815.32
2025-08-27,6481.4,47.79580739225902,8070047921.08
2025-08-28,6501.86,48.65584349508358,9268973791.04
2025-08-29,6460.26,46.6972027096476,6587620296.37
2025-09-02,6415.54,44.81868970603395,5695614425.11
2025-09-03,6448.26,50.287610358292575,6649068413.7
2025-09-04,6502.08,49.794966886014606,8736257142.04
2025-09-05,6481.5,50.024973231490755,6657444531.0
2025-09-08,6495.15,48.71428068327681,7112365004.64
2025-09-09,6512.61,50.304116299363976,8014489416.98
2025-09-10,6532.04,46.96490047736112,7674128006.46
2025-09-11,6587.47,47.77187934855563,9455767066.19
2025-09-12,6584.29,51.04082447983005,7705699529.11
2025-09-15,6615.28,47.69077745344119,8607071955.22
2025-09-16,6606.76,45.393906731982206,8294768650.55
2025-09-17,6600.35,45.57410999343627,8630734127.09
2025-09-18,6631.96,48.79370704115464,9229137608.56
2025-09-19,6664.36,46.20207333296275,7221005006.35
2025-09-22,6693.75,46.06007566505989,7804100698.22
2025-09-23,6656.92,45.13489778399516,6945220590.68
2025-09-24,6637.97,43.86985159041842,6729719258.57
2025-09-25,6604.72,45.2690610924957,5745673608.81
2025-09-26,6643.7,44.75029319686559,6507002455.37
2025-09-29,6661.21,41.20423596295545,7387805164.56
2025-09-30,6688.46,40.57227741336832,7869595104.33
2025-10-01,6711.2,43.25926948960469,8331463843.65
2025-10-02,6715.35,45.33059440730929,8813095584.05
2025-10-03,6715.79,42.85403022699323,7145644577.07
2025-10-06,6740.28,42.34703824116462,8076661222.41
2025-10-07,6714.59,42.339813342780566,7666628328.25
2025-10-08,6753.72,45.686911574134,8943683366.5
2025-10-09,6735.11,47.798982055999225,9281334761.45
2025-10-10,6552.51,46.69604262057988,4326241481.91
2025-10-13,6654.72,44.5884630612281,6115597746.47
2025-10-14,6644.31,45.98371070749149,5901838501.65
2025-10-15,6671.06,45.69235538371681,6761378176.96
2025-10-16,6629.07,46.87064641663973,5269523815.32
2025-10-17,6664.01,45.63747925102731,5484917730.33
2025-10-20,6735.13,44.91445732283318,7161909617.93
2025-10-21,6735.35,44.237720851785475,7520783534.21
2025-10-22,6699.4,44.10232153364585,6293061871.38
2025-10-23,6738.44,47.32222880203374,7820295201.83
2025-10-24,6791.69,45.85403760746272,7120844043.28
2025-10-27,6875.16,45.43820631901545,8811406395.69
2025-10-28,6890.89,46.42449617776533,9319787449.32
2025-10-29,6890.59,48.265952116187435,8576786583.48
2025-10-30,6822.34,43.5343586848268,6677915847.53
2025-10-31,6840.2,42.51789662348758,6624386660.87
2025-11-03,6851.97,42.88247682637994,6781361326.36
2025-11-04,6771.55,43.50867477896292,5193682277.35
2025-11-05,6796.29,43.14845934423743,5841663848.71
2025-11-06,6720.32,44.45074270242051,3909448954.64
2025-11-07,6728.8,41.57386053994561,5127254402.97
2025-11-10,6832.43,46.02017274430328,7393632865.95
2025-11-11,6846.61,45.779743025040595,7921433802.95
2025-11-12,6850.92,44.12578739145336,8048269704.74
2025-11-13,6737.49,44.67928320102257,5335870433.45
2025-11-14,6734.11,45.72889529024689,5314866728.69
2025-11-17,6672.41,44.18779670466153,4043957779.62
2025-11-18,6617.32,40.57787841257781,3089427720.76
2025-11-19,6642.16,42.75772517277845,3211649593.55
2025-11-20,6538.76,46.16904854973454,1340626611.58
2025-11-21,6602.99,43.54131355161924,2988036246.6
2025-11-24,6705.12,46.25193885191947,4690352253.26
2025-11-25,6765.88,47.49065810454575,6492416925.57
2025-11-26,6812.61,49.045266317693006,8421491005.95
2025-11-28,6849.09,44.93395888494485,6938138988.38
2025-12-01,6812.63,49.08042317598918,6642945076.75
2025-12-02,6829.37,48.67801941739906,7458541203.42
2025-12-03,6849.72,50.20173590876521,7975761652.39
2025-12-04,6857.12,44.80904145339894,8601452063.7
2025-12-05,6870.4,45.72996980446061,7176962361.07
2025-12-08,6846.51,46.47743571136219,6813504425.19
2025-12-09,6840.51,46.72530155718718,6762231183.3
2025-12-10,6886.68,45.30402256294149,7523159648.74
2025-12-11,6901.0,46.73539374842177,7926128077.16
2025-12-12,6827.41,46.66249034778935,6509966677.8
2025-12-15,6816.51,44.17498135855839,6170639237.86
2025-12-16,6800.26,44.99767003299719,6494447750.23
2025-12-17,6721.43,46.29170329488922,4502157909.68
2025-12-18,6774.76,44.90546017721714,6689398265.78
2025-12-19,6834.5,47.158405963957236,5875128134.31
2025-12-22,6878.49,44.34401317293244,7172229064.14
2025-12-23,6909.79,44.325714686858255,8282330449.17
2025-12-24,6932.05,45.55444412433638,9286153262.63
2025-12-26,6929.94,46.798584675696596,6821528138.03
2025-12-29,6905.74,42.46376106304307,6182187701.57
2025-12-30,6896.24,42.10884837561359,6330371934.03
2025-12-31,6845.5,43.86556499499279,4532633850.86
2026-01-02,6858.47,46.67575163192126,4747106524.47
2026-01-05,6902.05,49.01667247951398,5987819235.59
2026-01-06,6944.82,46.53835128082585,6534977805.48
2026-01-07,6920.93,47.97634909462668,6280882837.49
2026-01-08,6921.46,45.535643279075025,6286915585.12
2026-01-09,6966.28,46.7450970931873,6562700849.21
2026-01-12,6977.27,47.62137207811034,6743804529.25
2026-01-13,6963.74,45.9679855556542,6477575094.64
2026-01-14,6926.6,44.60530214917583,5217893515.41
2026-01-15,6944.47,44.19078456934662,5850802530.38
2026-01-16,6940.01,43.58132388684452,3831067998.5
2026-01-20,6796.86,41.983775600735854,1814029568.13
2026-01-21,6875.62,41.55726170285169,3346888759.56
2026-01-22,6913.35,45.339526023865254,5345750999.12
2026-01-23,6915.61,44.7230423522225,4448432396.66
2026-01-26,6950.23,45.95926621948827,4862830145.12
2026-01-27,6978.6,45.6669190823758,5238488933.3
2026-01-28,6978.03,45.845913326216184,5338842375.21
2026-01-29,6969.01,43.4440280923251,5527721732.42
2026-01-30,6939.03,45.103460514386725,4525764597.42
2026-02-02,6976.44,44.239885071084586,5069252179.2
2026-02-03,6917.81,44.07379785319332,4408072162.65
2026-02-04,6882.72,40.81445293284202,4070213440.42
2026-02-05,6798.4,40.406248966664,3180788269.6
2026-02-06,6932.3,44.5373884290967,4804932968.16
2026-02-09,6964.82,45.80543662192916,5613052438.47
2026-02-10,6941.81,45.89289225974104,5321465363.52
2026-02-11,6941.47,44.70536786884437,5002389285.85
2026-02-12,6832.76,44.74743800337078,3055298147.07
2026-02-13,6836.17,44.145489239520344,2915535519.25
2026-02-17,6843.22,44.240076503780415,3582901176.04
2026-02-18,6881.31,46.68055046153697,2903005383.22
2026-02-19,6861.89,47.73222261247201,200115326.33
2026-02-20,6909.51,47.26034082755785,5449390896.36
2026-02-23,6837.75,45.147759234311756,1150290354.56
2026-02-24,6890.07,44.29346432328954,3098836082.14
2026-02-25,6946.13,45.453256929916144,4456157595.71
2026-02-26,6908.86,44.95985635326274,1826571927.73
2026-02-27,6878.88,43.73866878821676,4856132673.37
2026-03-02,6881.62,46.89489996291328,2616728166.54
2026-03-03,6816.63,44.22467594893358,2721525872.19
2026-03-04,6869.5,45.58999093145457,6917491809.23
2026-03-05,6830.71,46.74757442661732,2935529684.63
2026-03-06,6740.02,46.991449906389086,-255824365.19
2026-03-09,6795.99,44.73437004675842,2647946753.99
2026-03-10,6781.48,47.9149873493909,2833611024.71
2026-03-11,6775.8,45.176605932516686,1772177538.97
2026-03-12,6672.62,47.40241202673953,-341342620.5799998
2026-03-13,6632.19,44.22691793544434,100977975.2800002
2026-03-16,6699.38,43.49127113238323,1750363701.4099991
2026-03-17,6716.09,45.33155517590173,2106344535.5500016
2026-03-18,6624.7,45.26863096055648,-140231247.46000004
2026-03-19,6606.49,44.79524133045914,-321849345.7400001
2026-03-20,6506.48,45.92937103426273,-1096289832.7600005
2026-03-23,6581.0,42.5720764875833,672894694.540001
2026-03-24,6556.37,43.94308971253725,132400727.9900002
2026-03-25,6591.9,44.62804211545297,1201182250.100001
2026-03-26,6477.16,42.86655911145995,-313179686.9200002
2026-03-27,6368.85,41.46203144550502,-7241893459.340001
2026-03-30,6343.72,39.29775152865248,-1077105660.4
2026-03-31,6528.52,44.553366687219246,2329652811.6200023
2026-04-01,6575.32,48.73863957740775,2657525888.350002
2026-04-02,6582.69,50.26903210303237,2745627207.1699977
2026-04-06,6611.83,45.359165733237624,2907439796.07
2026-04-07,6616.85,46.87452319414843,2706029192.4900007
2026-04-08,6782.81,45.491388840571176,5350519304.339996
2026-04-09,6824.66,48.43504483938458,5641402275.270006
2026-04-10,6816.89,47.59718009237338,5108014699.940001
2026-04-13,6886.24,45.84326988965629,5665588771.520002
2026-04-14,6967.38,48.99623983050458,7404904814.709997
2026-04-15,7022.95,50.92928207960492,8885947956.449993
2026-04-16,7041.28,49.75064998716014,9546876389.540005
2026-04-17,7126.06,50.871073269167034,9780203902.370005
2026-04-20,7109.14,47.35528613834722,7185735880.470004
2026-04-21,7064.01,47.52254808784145,6359145548.17999
2026-04-22,7137.9,48.36678367242191,9888930994.329994
2026-04-23,7108.4,50.0839584947403,6199237820.500002
2026-04-24,7165.08,48.33588923978335,6672055294.960004
2026-04-27,7173.91,46.93799810171222,6375296101.809994
2026-04-28,7138.8,44.743052367717326,6253277687.449994
2026-04-29,7135.95,45.65729912992703,6095989872.319997
2026-04-30,7209.01,44.606112406507144,6946361649.689999
2026-05-01,7230.12,45.78831560205426,8425788598.119994
2026-05-04,7200.75,44.70357355384104,5927444691.909999
2026-05-05,7259.22,43.67253102343347,6707898191.189997
2026-05-06,7365.12,45.11810054120742,8492997873.139992
2026-05-07,7337.11,46.631102076872324,8472046156.229991
2026-05-08,7398.93,42.96161123681806,21320969400.29001
2026-05-11,7412.84,45.58958919462222,7829916426.260001
2026-05-12,7400.96,44.02876479584301,7542266245.039989
2026-05-13,7444.25,45.408663743046255,8599272149.920002
2026-05-14,7501.24,45.64458239971536,9067645347.11
2026-05-15,7408.5,45.86056288898683,18158401316.429977
2026-05-18,7403.05,40.6804796618155,5732999302.109999
2026-05-19,7353.61,42.33686847617977,5071324836.050002
2026-05-20,7432.97,43.426208684085886,6379637570.380002
2026-05-21,7445.72,45.463842978209165,7296277520.409994
2026-05-22,7473.47,44.64729955360107,9134498537.969994
2026-05-26,7519.12,40.61861570724671,7103457636.9800005
2026-05-27,7520.36,42.40568312036319,8171889036.700002
2026-05-28,7563.63,42.50576927113554,9134728289.779997
2026-05-29,7580.06,44.998273168261896,7366590365.690004
2026-06-01,7599.96,41.66602969946495,7239240262.650002
2026-06-02,7609.78,44.46884547284291,7033977418.819994
2026-06-03,7553.68,44.00888581255191,6111053584.429998
2026-06-04,7584.31,43.70930990078814,7716824237.309999
2026-06-05,7383.74,43.22927686180423,3784922726.600004
2026-06-08,7405.73,42.67624311852229,4122450210.95
2026-06-09,7386.65,43.8657038792334,3131028235.509996
2026-06-10,7266.99,46.71909882961861,2484373556.909997
2026-06-11,7394.3,43.16777776502114,4470087719.119997
2026-06-12,7431.46,46.38606558086038,3327313572.8200026
2026-06-15,7554.29,45.10916409518232,6798412328.420003
2026-06-16,7511.35,45.42767670067351,6355900514.990005
2026-06-17,7420.1,45.087292070993065,4431738249.989998
2026-06-18,7500.58,44.876947612826775,7293281018.489995
2026-06-22,7472.79,42.96248384779484,3154507071.209996
2026-06-23,7365.46,41.10718757946343,2503765194.0000014
2026-06-24,7358.22,40.78460340169213,470387847.8899992
2026-06-25,7357.49,41.173475858577355,1999601545.65
2026-06-26,7354.02,43.79261865667433,-4684580683.590003
2026-06-29,7440.43,43.67006319129934,4416738657.590001
2026-06-30,7499.36,46.411727205114786,5033569396.449999
2026-07-01,7483.23,44.50297992196889,5969398052.919995
2026-07-02,7483.24,40.87285125568812,6862495709.000004
2026-07-06,7537.43,43.13542356669204,7022852982.470004
2026-07-07,7503.85,42.48471823445452,5515537288.550003
2026-07-08,7482.71,44.21194346342096,4734780042.660004
2026-07-09,7543.64,44.58700210094029,6805710227.01
2026-07-10,7575.39,45.30286084487404,8991094532.680002
2026-07-13,7515.34,43.76153626122268,5589200020.789998
2026-07-14,7543.59,43.293698069655036,6361761193.890008
2026-07-15,7572.4,42.72340010764571,7583830338.86
2026-07-16,7533.77,42.47869592578168,5472705749.540002
2026-07-17,7457.69,45.30330791185663,5154758320.860001
2026-07-20,7443.28,43.65478789744658,3710697470.239997
2026-07-21,7509.2,45.15198425825282,4771688928.19
2026-07-22,7498.96,49.01147308212822,8996511499.789999
2026-07-23,7408.3,47.01450324117148,2655187855.6200013
2026-07-24,7411.98,43.291544193323475,2346701895.94
2026-07-27,7413.18,40.24641547941154,3489326799.419997
2026-07-28,7428.78,39.70051261221774,3991429784.2600026
2026-07-29,7316.15,42.52898546750935,6180965808.659988
2026-07-30,7437.63,45.28130506820768,4400346926.759996
2026-07-31,7489.72,45.63733466718037,5735994676.9000025
2026-08-03,7600.5,46.84046983313216,6674260619.770003
2026-08-04,7736.52,45.1775566245597,8531816420.640002
2026-08-05,7723.55,46.41149032109337,10305663538.57001
2026-08-06,7709.96,45.4612869627269,7879621776.859999
2026-08-07,7757.64,45.53315957553551,9051568501.380009
2026-08-10,7753.11,48.692324572888914,8301573853.249998
2026-08-11,7728.2,43.4864642668353,6936569374.639993
2026-08-12,7748.5,44.38835769269218,10631444986.600008
2026-08-13,7798.99,47.08154655625065,9180506464.639996
2026-08-14,7785.76,46.87039485423613,15192866703.359991
2026-08-17,7745.06,47.49449517559393,6802210686.069997
2026-08-18,7691.76,44.15730354962551,5772038698.800004
2026-08-19,7707.98,44.10600182245588,6689220907.309998
2026-08-20,7641.16,46.223069047650725,4907952290.049998
2026-08-21,7674.37,46.30596870824577,4094243670.560003
2026-08-24,7652.86,44.573225996314804,5473398447.95
2026-08-25,7677.28,46.88563302240431,5617405682.190001
2026-08-26,7675.7,45.727239333251816,5806272835.459999
2026-08-27,7730.99,45.128417526018225,6720966788.069999
2026-08-28,7711.76,45.89518613140611,4482081599.77
2026-08-31,7686.14,46.798478320089195,5025070990.880001
2026-09-01,7631.47,46.89113189738759,4581496567.629999
2026-09-02,7666.6,46.54034110859928,6063585367.779998
2026-09-03,7747.71,45.39337405693094,8621550494.95001
2026-09-04,7718.6,47.56024042158618,8398941694.45
2026-09-08,7673.52,48.48106585521947,5958264665.259999
2026-09-09,7636.36,47.929513486712786,5122856202.600004
2026-09-10,7591.7,48.91302896084453,5710987600.170005
2026-09-11,7656.98,47.71832241054673,8359505340.499998
2026-09-14,7619.98,49.03708736089606,5211036248.869992
2026-09-15,7585.73,46.38472574842591,5446198490.839993
2026-09-16,7551.81,49.567599580147196,3841262186.2399993
2026-09-17,7637.76,49.605230329555496,6945480358.590005
2026-09-18,7650.5,52.40643237772886,9598939234.379995
2026-09-21,7764.7,46.706126306916914,8143487011.009998
2026-09-22,7764.64,47.70341740974734,8396526890.679999
2026-09-23,7706.03,47.19714307901174,6279528905.880007
2026-09-24,7704.13,47.40671949883918,6658360974.8
2026-09-25,7743.41,48.19509921000928,7636375536.530007
2026-09-28,7683.69,47.02701824281893,4681681068.899997
2026-09-29,7670.84,46.92458863870616,4984119946.790004
2026-09-30,7651.54,47.51248182180588,5670345921.380004
2026-10-01,7666.45,47.03115496212579,5567874602.169999
2026-10-02,7722.72,49.70775149296152,7693512554.449996
2026-10-05,7773.95,47.91651250391112,8292721169.669998
